model,group,dropped_pair,slope_full,slope_loo,delta_slope
qwen05b_instruct,stable,BigFive_Extraversion × BigFive_Agreeableness,1.2732393370926656,1.2923243063333905,-0.01908496924072489
qwen05b_instruct,stable,BigFive_Extraversion × BigFive_Conscientiousness,1.2732393370926656,1.326570376322772,-0.053331039230106514
qwen05b_instruct,stable,BigFive_Extraversion × BigFive_Neuroticism,1.2732393370926656,1.2705836612476178,0.002655675845047778
qwen05b_instruct,stable,BigFive_Extraversion × IRI_Empathic_concern,1.2732393370926656,1.2771728510043991,-0.003933513911733577
qwen05b_instruct,stable,BigFive_Extraversion × IRI_Perspective_taking,1.2732393370926656,1.2407590174768273,0.032480319615838305
qwen05b_instruct,stable,BigFive_Extraversion × PANAS_Negative_Affect,1.2732393370926656,1.2405752525326277,0.03266408456003789
qwen05b_instruct,stable,BigFive_Extraversion × LifeSat_Life_Satisfaction,1.2732393370926656,1.2182005851435607,0.0550387519491049
qwen05b_instruct,stable,BigFive_Agreeableness × BigFive_Conscientiousness,1.2732393370926656,1.2743621030299488,-0.001122765937283221
qwen05b_instruct,stable,BigFive_Agreeableness × BigFive_Neuroticism,1.2732393370926656,1.2539779844073258,0.019261352685339794
qwen05b_instruct,stable,BigFive_Agreeableness × IRI_Empathic_concern,1.2732393370926656,1.3337450316883501,-0.060505694595684556
qwen05b_instruct,stable,BigFive_Agreeableness × IRI_Perspective_taking,1.2732393370926656,1.3618009125798214,-0.08856157548715582
qwen05b_instruct,stable,BigFive_Agreeableness × PANAS_Negative_Affect,1.2732393370926656,1.2635765148186453,0.009662822274020266
qwen05b_instruct,stable,BigFive_Agreeableness × LifeSat_Life_Satisfaction,1.2732393370926656,1.2857674951745286,-0.012528158081863028
qwen05b_instruct,stable,BigFive_Conscientiousness × BigFive_Neuroticism,1.2732393370926656,1.237501205791682,0.03573813130098347
qwen05b_instruct,stable,BigFive_Conscientiousness × IRI_Empathic_concern,1.2732393370926656,1.2537052204007104,0.01953411669195515
qwen05b_instruct,stable,BigFive_Conscientiousness × IRI_Perspective_taking,1.2732393370926656,1.2597700827432359,0.013469254349429693
qwen05b_instruct,stable,BigFive_Conscientiousness × PANAS_Negative_Affect,1.2732393370926656,1.1937860013010593,0.0794533357916063
qwen05b_instruct,stable,BigFive_Conscientiousness × LifeSat_Life_Satisfaction,1.2732393370926656,1.2237740247385025,0.04946531235416307
qwen05b_instruct,stable,BigFive_Neuroticism × IRI_Empathic_concern,1.2732393370926656,1.296851075574935,-0.023611738482269384
qwen05b_instruct,stable,BigFive_Neuroticism × IRI_Perspective_taking,1.2732393370926656,1.259736520577328,0.013502816515337468
qwen05b_instruct,stable,BigFive_Neuroticism × PANAS_Negative_Affect,1.2732393370926656,1.1719063128840312,0.10133302420863433
qwen05b_instruct,stable,BigFive_Neuroticism × LifeSat_Life_Satisfaction,1.2732393370926656,1.2307664308303092,0.042472906262356336
qwen05b_instruct,stable,IRI_Empathic_concern × IRI_Perspective_taking,1.2732393370926656,1.4875706696943112,-0.2143313326016456
qwen05b_instruct,stable,IRI_Empathic_concern × PANAS_Negative_Affect,1.2732393370926656,1.3055192113553804,-0.032279874262714836
qwen05b_instruct,stable,IRI_Empathic_concern × LifeSat_Life_Satisfaction,1.2732393370926656,1.3083653023213377,-0.035125965228672174
qwen05b_instruct,stable,IRI_Perspective_taking × PANAS_Negative_Affect,1.2732393370926656,1.270815836112874,0.002423500979791493
qwen05b_instruct,stable,IRI_Perspective_taking × LifeSat_Life_Satisfaction,1.2732393370926656,1.2774649654683554,-0.004225628375689849
qwen05b_instruct,stable,PANAS_Negative_Affect × LifeSat_Life_Satisfaction,1.2732393370926656,1.224640767868768,0.04859856922389749
qwen05b_instruct,ambiguous,BigFive_Openness × PANAS_Positive_Affect,2.0664542635196392,2.088708252253715,-0.02225398873407558
qwen05b_instruct,ambiguous,BigFive_Openness × Lonely_Loneliness,2.0664542635196392,2.0246741126704015,0.041780150849237696
qwen05b_instruct,ambiguous,BigFive_Openness × IRI_Personal_distress,2.0664542635196392,1.985363273321267,0.08109099019837229
qwen05b_instruct,ambiguous,BigFive_Openness × IRI_Fantasy,2.0664542635196392,2.0729570620340287,-0.006502798514389507
qwen05b_instruct,ambiguous,PANAS_Positive_Affect × Lonely_Loneliness,2.0664542635196392,2.1958980580854863,-0.1294437945658471
qwen05b_instruct,ambiguous,PANAS_Positive_Affect × IRI_Personal_distress,2.0664542635196392,2.0646345877709864,0.001819675748652827
qwen05b_instruct,ambiguous,PANAS_Positive_Affect × IRI_Fantasy,2.0664542635196392,2.073611258302466,-0.007156994782826942
qwen05b_instruct,ambiguous,Lonely_Loneliness × IRI_Personal_distress,2.0664542635196392,1.9320626234938154,0.13439164002582382
qwen05b_instruct,ambiguous,Lonely_Loneliness × IRI_Fantasy,2.0664542635196392,2.0623501519180585,0.004104111601580751
qwen05b_instruct,ambiguous,IRI_Personal_distress × IRI_Fantasy,2.0664542635196392,2.209324832802553,-0.14287056928291397
qwen05b_instruct,specific,POM_Peace_of_Mind × SelfConst_Independent_self,1.7043037773971215,0.8400255073710757,0.8642782700260457
qwen05b_instruct,specific,POM_Peace_of_Mind × SelfConst_Interdependent_self,1.7043037773971215,1.642257303962793,0.06204647343432845
qwen05b_instruct,specific,SelfConst_Independent_self × SelfConst_Interdependent_self,1.7043037773971215,1.9322597491811575,-0.22795597178403604
llama1b_instruct,stable,BigFive_Extraversion × BigFive_Agreeableness,1.3387890443363015,1.3631667723658023,-0.024377728029500778
llama1b_instruct,stable,BigFive_Extraversion × BigFive_Conscientiousness,1.3387890443363015,1.3716434414430152,-0.03285439710671367
llama1b_instruct,stable,BigFive_Extraversion × BigFive_Neuroticism,1.3387890443363015,1.3350578943290086,0.0037311500072929604
llama1b_instruct,stable,BigFive_Extraversion × IRI_Empathic_concern,1.3387890443363015,1.327990296847387,0.010798747488914628
llama1b_instruct,stable,BigFive_Extraversion × IRI_Perspective_taking,1.3387890443363015,1.3137356425851794,0.02505340175112214
llama1b_instruct,stable,BigFive_Extraversion × PANAS_Negative_Affect,1.3387890443363015,1.307739382997975,0.03104966133832643
llama1b_instruct,stable,BigFive_Extraversion × LifeSat_Life_Satisfaction,1.3387890443363015,1.2935647938354855,0.04522425050081602
llama1b_instruct,stable,BigFive_Agreeableness × BigFive_Conscientiousness,1.3387890443363015,1.3383770241410744,0.0004120201952271252
llama1b_instruct,stable,BigFive_Agreeableness × BigFive_Neuroticism,1.3387890443363015,1.3317631397901855,0.0070259045461160685
llama1b_instruct,stable,BigFive_Agreeableness × IRI_Empathic_concern,1.3387890443363015,1.3959715469820546,-0.057182502645753086
llama1b_instruct,stable,BigFive_Agreeableness × IRI_Perspective_taking,1.3387890443363015,1.4449773865587354,-0.1061883422224339
llama1b_instruct,stable,BigFive_Agreeableness × PANAS_Negative_Affect,1.3387890443363015,1.340700820659532,-0.001911776323230585
llama1b_instruct,stable,BigFive_Agreeableness × LifeSat_Life_Satisfaction,1.3387890443363015,1.3473117058771795,-0.008522661540877996
llama1b_instruct,stable,BigFive_Conscientiousness × BigFive_Neuroticism,1.3387890443363015,1.2889546778485093,0.04983436648779227
llama1b_instruct,stable,BigFive_Conscientiousness × IRI_Empathic_concern,1.3387890443363015,1.3448293909903963,-0.006040346654094808
llama1b_instruct,stable,BigFive_Conscientiousness × IRI_Perspective_taking,1.3387890443363015,1.332075591309188,0.0067134530271135695
llama1b_instruct,stable,BigFive_Conscientiousness × PANAS_Negative_Affect,1.3387890443363015,1.28018001879987,0.05860902553643155
llama1b_instruct,stable,BigFive_Conscientiousness × LifeSat_Life_Satisfaction,1.3387890443363015,1.294844547190635,0.04394449714566662
llama1b_instruct,stable,BigFive_Neuroticism × IRI_Empathic_concern,1.3387890443363015,1.3645018878636503,-0.025712843527348817
llama1b_instruct,stable,BigFive_Neuroticism × IRI_Perspective_taking,1.3387890443363015,1.3391943719736707,-0.00040532763736922384
llama1b_instruct,stable,BigFive_Neuroticism × PANAS_Negative_Affect,1.3387890443363015,1.3195104559071713,0.019278588429130217
llama1b_instruct,stable,BigFive_Neuroticism × LifeSat_Life_Satisfaction,1.3387890443363015,1.2854907420457264,0.053298302290575084
llama1b_instruct,stable,IRI_Empathic_concern × IRI_Perspective_taking,1.3387890443363015,1.437916663403275,-0.09912761906697343
llama1b_instruct,stable,IRI_Empathic_concern × PANAS_Negative_Affect,1.3387890443363015,1.3707727677774197,-0.03198372344111822
llama1b_instruct,stable,IRI_Empathic_concern × LifeSat_Life_Satisfaction,1.3387890443363015,1.3678976585502975,-0.02910861421399602
llama1b_instruct,stable,IRI_Perspective_taking × PANAS_Negative_Affect,1.3387890443363015,1.337460295335382,0.0013287490009195047
llama1b_instruct,stable,IRI_Perspective_taking × LifeSat_Life_Satisfaction,1.3387890443363015,1.3426460088661591,-0.0038569645298576205
llama1b_instruct,stable,PANAS_Negative_Affect × LifeSat_Life_Satisfaction,1.3387890443363015,1.2649039592035212,0.07388508513278036
llama1b_instruct,ambiguous,BigFive_Openness × PANAS_Positive_Affect,1.8538982750098052,1.907340291709125,-0.053442016699319694
llama1b_instruct,ambiguous,BigFive_Openness × Lonely_Loneliness,1.8538982750098052,1.7664412249345063,0.08745705007529891
llama1b_instruct,ambiguous,BigFive_Openness × IRI_Personal_distress,1.8538982750098052,1.7858585082853329,0.06803976672447232
llama1b_instruct,ambiguous,BigFive_Openness × IRI_Fantasy,1.8538982750098052,1.859204132268112,-0.005305857258306901
llama1b_instruct,ambiguous,PANAS_Positive_Affect × Lonely_Loneliness,1.8538982750098052,1.8918197656253763,-0.03792149061557115
llama1b_instruct,ambiguous,PANAS_Positive_Affect × IRI_Personal_distress,1.8538982750098052,1.9103959094109513,-0.05649763440114608
llama1b_instruct,ambiguous,PANAS_Positive_Affect × IRI_Fantasy,1.8538982750098052,1.8503848147969795,0.0035134602128257253
llama1b_instruct,ambiguous,Lonely_Loneliness × IRI_Personal_distress,1.8538982750098052,1.7303416444308835,0.12355663057892174
llama1b_instruct,ambiguous,Lonely_Loneliness × IRI_Fantasy,1.8538982750098052,1.8552713022882936,-0.0013730272784884257
llama1b_instruct,ambiguous,IRI_Personal_distress × IRI_Fantasy,1.8538982750098052,2.0278458061897062,-0.17394753117990103
llama1b_instruct,specific,POM_Peace_of_Mind × SelfConst_Independent_self,1.6227945242773414,0.5846572606762673,1.0381372636010742
llama1b_instruct,specific,POM_Peace_of_Mind × SelfConst_Interdependent_self,1.6227945242773414,1.5482667264822283,0.0745277977951131
llama1b_instruct,specific,SelfConst_Independent_self × SelfConst_Interdependent_self,1.6227945242773414,1.896606324222595,-0.2738117999452536
qwen3b_instruct,stable,BigFive_Extraversion × BigFive_Agreeableness,1.3159769836606179,1.3473295921451705,-0.03135260848455257
qwen3b_instruct,stable,BigFive_Extraversion × BigFive_Conscientiousness,1.3159769836606179,1.3540515566927496,-0.03807457303213169
qwen3b_instruct,stable,BigFive_Extraversion × BigFive_Neuroticism,1.3159769836606179,1.3118853444028273,0.004091639257790547
qwen3b_instruct,stable,BigFive_Extraversion × IRI_Empathic_concern,1.3159769836606179,1.3061143985271648,0.009862585133453061
qwen3b_instruct,stable,BigFive_Extraversion × IRI_Perspective_taking,1.3159769836606179,1.2883778944985829,0.027599089162035018
qwen3b_instruct,stable,BigFive_Extraversion × PANAS_Negative_Affect,1.3159769836606179,1.2833605431102892,0.03261644055032864
qwen3b_instruct,stable,BigFive_Extraversion × LifeSat_Life_Satisfaction,1.3159769836606179,1.2749877521949724,0.04098923146564548
qwen3b_instruct,stable,BigFive_Agreeableness × BigFive_Conscientiousness,1.3159769836606179,1.3155996896219346,0.0003772940386832513
qwen3b_instruct,stable,BigFive_Agreeableness × BigFive_Neuroticism,1.3159769836606179,1.3209252300188516,-0.0049482463582337655
qwen3b_instruct,stable,BigFive_Agreeableness × IRI_Empathic_concern,1.3159769836606179,1.415589833382665,-0.0996128497220472
qwen3b_instruct,stable,BigFive_Agreeableness × IRI_Perspective_taking,1.3159769836606179,1.3900753370827303,-0.07409835342211246
qwen3b_instruct,stable,BigFive_Agreeableness × PANAS_Negative_Affect,1.3159769836606179,1.3182409745489563,-0.0022639908883383963
qwen3b_instruct,stable,BigFive_Agreeableness × LifeSat_Life_Satisfaction,1.3159769836606179,1.3239987553852781,-0.008021771724660232
qwen3b_instruct,stable,BigFive_Conscientiousness × BigFive_Neuroticism,1.3159769836606179,1.2716515945817988,0.04432538907881911
qwen3b_instruct,stable,BigFive_Conscientiousness × IRI_Empathic_concern,1.3159769836606179,1.318274974477481,-0.0022979908168632157
qwen3b_instruct,stable,BigFive_Conscientiousness × IRI_Perspective_taking,1.3159769836606179,1.30654989980843,0.009427083852187934
qwen3b_instruct,stable,BigFive_Conscientiousness × PANAS_Negative_Affect,1.3159769836606179,1.248781269949451,0.06719571371116695
qwen3b_instruct,stable,BigFive_Conscientiousness × LifeSat_Life_Satisfaction,1.3159769836606179,1.2643990523929933,0.051577931267624555
qwen3b_instruct,stable,BigFive_Neuroticism × IRI_Empathic_concern,1.3159769836606179,1.3366296400477193,-0.020652656387101453
qwen3b_instruct,stable,BigFive_Neuroticism × IRI_Perspective_taking,1.3159769836606179,1.3068526384674237,0.009124345193194161
qwen3b_instruct,stable,BigFive_Neuroticism × PANAS_Negative_Affect,1.3159769836606179,1.29867616906869,0.017300814591927782
qwen3b_instruct,stable,BigFive_Neuroticism × LifeSat_Life_Satisfaction,1.3159769836606179,1.2577767017953259,0.058200281865292025
qwen3b_instruct,stable,IRI_Empathic_concern × IRI_Perspective_taking,1.3159769836606179,1.4273207691002936,-0.11134378543967571
qwen3b_instruct,stable,IRI_Empathic_concern × PANAS_Negative_Affect,1.3159769836606179,1.350417401455399,-0.03444041779478102
qwen3b_instruct,stable,IRI_Empathic_concern × LifeSat_Life_Satisfaction,1.3159769836606179,1.3376589045358562,-0.021681920875238347
qwen3b_instruct,stable,IRI_Perspective_taking × PANAS_Negative_Affect,1.3159769836606179,1.314140653044954,0.0018363306156639059
qwen3b_instruct,stable,IRI_Perspective_taking × LifeSat_Life_Satisfaction,1.3159769836606179,1.3198733605791935,-0.0038963769185755837
qwen3b_instruct,stable,PANAS_Negative_Affect × LifeSat_Life_Satisfaction,1.3159769836606179,1.2395163802886655,0.07646060337195237
qwen3b_instruct,ambiguous,BigFive_Openness × PANAS_Positive_Affect,1.6477381346177844,1.6285253098950987,0.019212824722685706
qwen3b_instruct,ambiguous,BigFive_Openness × Lonely_Loneliness,1.6477381346177844,1.5531767273106818,0.09456140730710261
qwen3b_instruct,ambiguous,BigFive_Openness × IRI_Personal_distress,1.6477381346177844,1.587370784627457,0.060367349990327446
qwen3b_instruct,ambiguous,BigFive_Openness × IRI_Fantasy,1.6477381346177844,1.6600994362147563,-0.012361301596971908
qwen3b_instruct,ambiguous,PANAS_Positive_Affect × Lonely_Loneliness,1.6477381346177844,1.6442138775459791,0.003524257071805259
qwen3b_instruct,ambiguous,PANAS_Positive_Affect × IRI_Personal_distress,1.6477381346177844,1.6981696069292214,-0.050431472311436965
qwen3b_instruct,ambiguous,PANAS_Positive_Affect × IRI_Fantasy,1.6477381346177844,1.6388514470932105,0.008886687524573889
qwen3b_instruct,ambiguous,Lonely_Loneliness × IRI_Personal_distress,1.6477381346177844,1.5333753555729728,0.11436277904481162
qwen3b_instruct,ambiguous,Lonely_Loneliness × IRI_Fantasy,1.6477381346177844,1.662338819485764,-0.014600684867979608
qwen3b_instruct,ambiguous,IRI_Personal_distress × IRI_Fantasy,1.6477381346177844,1.9035120115302828,-0.2557738769124984
qwen3b_instruct,specific,POM_Peace_of_Mind × SelfConst_Independent_self,1.7704710287530963,-0.17024395212445775,1.9407149808775541
qwen3b_instruct,specific,POM_Peace_of_Mind × SelfConst_Interdependent_self,1.7704710287530963,1.6311472430226122,0.1393237857304841
qwen3b_instruct,specific,SelfConst_Independent_self × SelfConst_Interdependent_self,1.7704710287530963,2.28234039393851,-0.5118693651854136
llama3b_instruct,stable,BigFive_Extraversion × BigFive_Agreeableness,1.5741943351601475,1.597265768086584,-0.02307143292643654
llama3b_instruct,stable,BigFive_Extraversion × BigFive_Conscientiousness,1.5741943351601475,1.6185719658981268,-0.04437763073797929
llama3b_instruct,stable,BigFive_Extraversion × BigFive_Neuroticism,1.5741943351601475,1.569329549603718,0.004864785556429441
llama3b_instruct,stable,BigFive_Extraversion × IRI_Empathic_concern,1.5741943351601475,1.5681613604646456,0.006032974695501903
llama3b_instruct,stable,BigFive_Extraversion × IRI_Perspective_taking,1.5741943351601475,1.543151263385282,0.031043071774865538
llama3b_instruct,stable,BigFive_Extraversion × PANAS_Negative_Affect,1.5741943351601475,1.5475362608727394,0.026658074287408073
llama3b_instruct,stable,BigFive_Extraversion × LifeSat_Life_Satisfaction,1.5741943351601475,1.5317495386226416,0.04244479653750588
llama3b_instruct,stable,BigFive_Agreeableness × BigFive_Conscientiousness,1.5741943351601475,1.574387604758926,-0.00019326959877852268
llama3b_instruct,stable,BigFive_Agreeableness × BigFive_Neuroticism,1.5741943351601475,1.588193731930987,-0.01399939677083939
llama3b_instruct,stable,BigFive_Agreeableness × IRI_Empathic_concern,1.5741943351601475,1.640302936632034,-0.06610860147188657
llama3b_instruct,stable,BigFive_Agreeableness × IRI_Perspective_taking,1.5741943351601475,1.6582398232556181,-0.08404548809547063
llama3b_instruct,stable,BigFive_Agreeableness × PANAS_Negative_Affect,1.5741943351601475,1.580669544083899,-0.006475208923751419
llama3b_instruct,stable,BigFive_Agreeableness × LifeSat_Life_Satisfaction,1.5741943351601475,1.5794627332347337,-0.0052683980745862335
llama3b_instruct,stable,BigFive_Conscientiousness × BigFive_Neuroticism,1.5741943351601475,1.504176550087784,0.07001778507236356
llama3b_instruct,stable,BigFive_Conscientiousness × IRI_Empathic_concern,1.5741943351601475,1.5865214070464937,-0.012327071886346186
llama3b_instruct,stable,BigFive_Conscientiousness × IRI_Perspective_taking,1.5741943351601475,1.5680724555557153,0.006121879604432223
llama3b_instruct,stable,BigFive_Conscientiousness × PANAS_Negative_Affect,1.5741943351601475,1.5079708870053998,0.06622344815474768
llama3b_instruct,stable,BigFive_Conscientiousness × LifeSat_Life_Satisfaction,1.5741943351601475,1.5225422779380557,0.05165205722209176
llama3b_instruct,stable,BigFive_Neuroticism × IRI_Empathic_concern,1.5741943351601475,1.5959766572612795,-0.021782322101131957
llama3b_instruct,stable,BigFive_Neuroticism × IRI_Perspective_taking,1.5741943351601475,1.565662435991841,0.008531899168306545
llama3b_instruct,stable,BigFive_Neuroticism × PANAS_Negative_Affect,1.5741943351601475,1.6146568387705886,-0.040462503610441125
llama3b_instruct,stable,BigFive_Neuroticism × LifeSat_Life_Satisfaction,1.5741943351601475,1.5030730412863063,0.07112129387384125
llama3b_instruct,stable,IRI_Empathic_concern × IRI_Perspective_taking,1.5741943351601475,1.65959778077274,-0.0854034456125925
llama3b_instruct,stable,IRI_Empathic_concern × PANAS_Negative_Affect,1.5741943351601475,1.5994153817539898,-0.025221046593842278
llama3b_instruct,stable,IRI_Empathic_concern × LifeSat_Life_Satisfaction,1.5741943351601475,1.594672210961873,-0.020477875801725443
llama3b_instruct,stable,IRI_Perspective_taking × PANAS_Negative_Affect,1.5741943351601475,1.5725528896421936,0.0016414455179538656
llama3b_instruct,stable,IRI_Perspective_taking × LifeSat_Life_Satisfaction,1.5741943351601475,1.5777911281674788,-0.0035967930073312893
llama3b_instruct,stable,PANAS_Negative_Affect × LifeSat_Life_Satisfaction,1.5741943351601475,1.5165336121132884,0.0576607230468591
llama3b_instruct,ambiguous,BigFive_Openness × PANAS_Positive_Affect,2.017270604227428,2.0662192595077835,-0.048948655280355524
llama3b_instruct,ambiguous,BigFive_Openness × Lonely_Loneliness,2.017270604227428,1.9247935018808136,0.09247710234661444
llama3b_instruct,ambiguous,BigFive_Openness × IRI_Personal_distress,2.017270604227428,1.9529283506454613,0.06434225358196666
llama3b_instruct,ambiguous,BigFive_Openness × IRI_Fantasy,2.017270604227428,2.019606169384662,-0.0023355651572338765
llama3b_instruct,ambiguous,PANAS_Positive_Affect × Lonely_Loneliness,2.017270604227428,2.0534823440315413,-0.036211739804113297
llama3b_instruct,ambiguous,PANAS_Positive_Affect × IRI_Personal_distress,2.017270604227428,2.086597984524949,-0.06932738029752095
llama3b_instruct,ambiguous,PANAS_Positive_Affect × IRI_Fantasy,2.017270604227428,2.0137071747946402,0.003563429432787757
llama3b_instruct,ambiguous,Lonely_Loneliness × IRI_Personal_distress,2.017270604227428,1.9111352276214237,0.10613537660600425
llama3b_instruct,ambiguous,Lonely_Loneliness × IRI_Fantasy,2.017270604227428,2.014195706470948,0.003074897756480066
llama3b_instruct,ambiguous,IRI_Personal_distress × IRI_Fantasy,2.017270604227428,2.172580625814896,-0.15531002158746787
llama3b_instruct,specific,POM_Peace_of_Mind × SelfConst_Independent_self,2.0677131426486044,0.7077058785200591,1.3600072641285452
llama3b_instruct,specific,POM_Peace_of_Mind × SelfConst_Interdependent_self,2.0677131426486044,1.9700783211903459,0.09763482145825852
llama3b_instruct,specific,SelfConst_Independent_self × SelfConst_Interdependent_self,2.0677131426486044,2.4264191153423615,-0.35870597269375715
qwen7b_instruct,stable,BigFive_Extraversion × BigFive_Agreeableness,1.5592199348939275,1.5911408319773317,-0.031920897083404176
qwen7b_instruct,stable,BigFive_Extraversion × BigFive_Conscientiousness,1.5592199348939275,1.6060121804246417,-0.04679224553071415
qwen7b_instruct,stable,BigFive_Extraversion × BigFive_Neuroticism,1.5592199348939275,1.5542899987295384,0.0049299361643890816
qwen7b_instruct,stable,BigFive_Extraversion × IRI_Empathic_concern,1.5592199348939275,1.5495298689956398,0.009690065898287692
qwen7b_instruct,stable,BigFive_Extraversion × IRI_Perspective_taking,1.5592199348939275,1.5267284182904128,0.03249151660351468
qwen7b_instruct,stable,BigFive_Extraversion × PANAS_Negative_Affect,1.5592199348939275,1.5272680007562478,0.031951934137679716
qwen7b_instruct,stable,BigFive_Extraversion × LifeSat_Life_Satisfaction,1.5592199348939275,1.5178769156493646,0.04134301924456296
qwen7b_instruct,stable,BigFive_Agreeableness × BigFive_Conscientiousness,1.5592199348939275,1.5574863253220048,0.0017336095719227007
qwen7b_instruct,stable,BigFive_Agreeableness × BigFive_Neuroticism,1.5592199348939275,1.5837199855227335,-0.024500050628806003
qwen7b_instruct,stable,BigFive_Agreeableness × IRI_Empathic_concern,1.5592199348939275,1.5736494869784834,-0.014429552084555874
qwen7b_instruct,stable,BigFive_Agreeableness × IRI_Perspective_taking,1.5592199348939275,1.6610587321781243,-0.10183879728419676
qwen7b_instruct,stable,BigFive_Agreeableness × PANAS_Negative_Affect,1.5592199348939275,1.5667682297535375,-0.00754829485960995
qwen7b_instruct,stable,BigFive_Agreeableness × LifeSat_Life_Satisfaction,1.5592199348939275,1.5656314799342852,-0.00641154504035768
qwen7b_instruct,stable,BigFive_Conscientiousness × BigFive_Neuroticism,1.5592199348939275,1.489871842390349,0.06934809250357854
qwen7b_instruct,stable,BigFive_Conscientiousness × IRI_Empathic_concern,1.5592199348939275,1.569050257160412,-0.009830322266484393
qwen7b_instruct,stable,BigFive_Conscientiousness × IRI_Perspective_taking,1.5592199348939275,1.549978488822961,0.009241446070966441
qwen7b_instruct,stable,BigFive_Conscientiousness × PANAS_Negative_Affect,1.5592199348939275,1.482122638336487,0.07709729655744058
qwen7b_instruct,stable,BigFive_Conscientiousness × LifeSat_Life_Satisfaction,1.5592199348939275,1.496703854915398,0.06251607997852959
qwen7b_instruct,stable,BigFive_Neuroticism × IRI_Empathic_concern,1.5592199348939275,1.5831439380935581,-0.023924003199630617
qwen7b_instruct,stable,BigFive_Neuroticism × IRI_Perspective_taking,1.5592199348939275,1.536486891475017,0.02273304341891058
qwen7b_instruct,stable,BigFive_Neuroticism × PANAS_Negative_Affect,1.5592199348939275,1.5849218277644908,-0.025701892870563237
qwen7b_instruct,stable,BigFive_Neuroticism × LifeSat_Life_Satisfaction,1.5592199348939275,1.499673364738861,0.05954657015506659
qwen7b_instruct,stable,IRI_Empathic_concern × IRI_Perspective_taking,1.5592199348939275,1.6759206255854209,-0.11670069069149336
qwen7b_instruct,stable,IRI_Empathic_concern × PANAS_Negative_Affect,1.5592199348939275,1.5985552662999918,-0.03933533140606427
qwen7b_instruct,stable,IRI_Empathic_concern × LifeSat_Life_Satisfaction,1.5592199348939275,1.5844373354084254,-0.025217400514497834
qwen7b_instruct,stable,IRI_Perspective_taking × PANAS_Negative_Affect,1.5592199348939275,1.5566325007669177,0.002587434127009791
qwen7b_instruct,stable,IRI_Perspective_taking × LifeSat_Life_Satisfaction,1.5592199348939275,1.5639389793469627,-0.0047190444530351705
qwen7b_instruct,stable,PANAS_Negative_Affect × LifeSat_Life_Satisfaction,1.5592199348939275,1.5089806394014542,0.0502392954924733
qwen7b_instruct,ambiguous,BigFive_Openness × PANAS_Positive_Affect,2.054609191001257,2.1516258137315036,-0.09701662273024647
qwen7b_instruct,ambiguous,BigFive_Openness × Lonely_Loneliness,2.054609191001257,1.9590989063487965,0.0955102846524607
qwen7b_instruct,ambiguous,BigFive_Openness × IRI_Personal_distress,2.054609191001257,1.9939549844877722,0.060654206513484965
qwen7b_instruct,ambiguous,BigFive_Openness × IRI_Fantasy,2.054609191001257,2.054943513409549,-0.00033432240829167625
qwen7b_instruct,ambiguous,PANAS_Positive_Affect × Lonely_Loneliness,2.054609191001257,2.0774458688627058,-0.022836677861448607
qwen7b_instruct,ambiguous,PANAS_Positive_Affect × IRI_Personal_distress,2.054609191001257,2.14563532082717,-0.09102612982591296
qwen7b_instruct,ambiguous,PANAS_Positive_Affect × IRI_Fantasy,2.054609191001257,2.0526794621876436,0.0019297288136135293
qwen7b_instruct,ambiguous,Lonely_Loneliness × IRI_Personal_distress,2.054609191001257,1.9707922905582378,0.08381690044301937
qwen7b_instruct,ambiguous,Lonely_Loneliness × IRI_Fantasy,2.054609191001257,2.0468885007417064,0.0077206902595508
qwen7b_instruct,ambiguous,IRI_Personal_distress × IRI_Fantasy,2.054609191001257,2.135703563153342,-0.08109437215208493
qwen7b_instruct,specific,POM_Peace_of_Mind × SelfConst_Independent_self,1.8476919853963925,0.20851536277288282,1.6391766226235096
qwen7b_instruct,specific,POM_Peace_of_Mind × SelfConst_Interdependent_self,1.8476919853963925,1.7300156162257114,0.11767636917068103
qwen7b_instruct,specific,SelfConst_Independent_self × SelfConst_Interdependent_self,1.8476919853963925,2.280029709130386,-0.4323377237339934
llama8b_instruct,stable,BigFive_Extraversion × BigFive_Agreeableness,1.6125339733996422,1.6393730813234049,-0.02683910792376265
llama8b_instruct,stable,BigFive_Extraversion × BigFive_Conscientiousness,1.6125339733996422,1.6549525067688091,-0.0424185333691669
llama8b_instruct,stable,BigFive_Extraversion × BigFive_Neuroticism,1.6125339733996422,1.6078891686819992,0.0046448047176430585
llama8b_instruct,stable,BigFive_Extraversion × IRI_Empathic_concern,1.6125339733996422,1.6050632971548529,0.007470676244789365
llama8b_instruct,stable,BigFive_Extraversion × IRI_Perspective_taking,1.6125339733996422,1.5774091720997034,0.03512480129993878
llama8b_instruct,stable,BigFive_Extraversion × PANAS_Negative_Affect,1.6125339733996422,1.5814549897460328,0.031078983653609393
llama8b_instruct,stable,BigFive_Extraversion × LifeSat_Life_Satisfaction,1.6125339733996422,1.5707338865096212,0.041800086890021015
llama8b_instruct,stable,BigFive_Agreeableness × BigFive_Conscientiousness,1.6125339733996422,1.6113487359117526,0.0011852374878895677
llama8b_instruct,stable,BigFive_Agreeableness × BigFive_Neuroticism,1.6125339733996422,1.6400263841092184,-0.027492410709576198
llama8b_instruct,stable,BigFive_Agreeableness × IRI_Empathic_concern,1.6125339733996422,1.6204600466740464,-0.0079260732744042
llama8b_instruct,stable,BigFive_Agreeableness × IRI_Perspective_taking,1.6125339733996422,1.707074959668833,-0.09454098626919083
llama8b_instruct,stable,BigFive_Agreeableness × PANAS_Negative_Affect,1.6125339733996422,1.6231813567538154,-0.010647383354173146
llama8b_instruct,stable,BigFive_Agreeableness × LifeSat_Life_Satisfaction,1.6125339733996422,1.614562212145889,-0.002028238746246691
llama8b_instruct,stable,BigFive_Conscientiousness × BigFive_Neuroticism,1.6125339733996422,1.5426208300498858,0.0699131433497564
llama8b_instruct,stable,BigFive_Conscientiousness × IRI_Empathic_concern,1.6125339733996422,1.6241524545529744,-0.011618481153332194
llama8b_instruct,stable,BigFive_Conscientiousness × IRI_Perspective_taking,1.6125339733996422,1.6052925541888925,0.007241419210749722
llama8b_instruct,stable,BigFive_Conscientiousness × PANAS_Negative_Affect,1.6125339733996422,1.5419455646086577,0.07058840879098449
llama8b_instruct,stable,BigFive_Conscientiousness × LifeSat_Life_Satisfaction,1.6125339733996422,1.5578144770185813,0.054719496381060884
llama8b_instruct,stable,BigFive_Neuroticism × IRI_Empathic_concern,1.6125339733996422,1.6365638572080452,-0.024029883808402985
llama8b_instruct,stable,BigFive_Neuroticism × IRI_Perspective_taking,1.6125339733996422,1.5996129653123667,0.012921008087275476
llama8b_instruct,stable,BigFive_Neuroticism × PANAS_Negative_Affect,1.6125339733996422,1.655026427541153,-0.042492454141510816
llama8b_instruct,stable,BigFive_Neuroticism × LifeSat_Life_Satisfaction,1.6125339733996422,1.5493095000820771,0.06322447331756509
llama8b_instruct,stable,IRI_Empathic_concern × IRI_Perspective_taking,1.6125339733996422,1.7279479023488502,-0.11541392894920799
llama8b_instruct,stable,IRI_Empathic_concern × PANAS_Negative_Affect,1.6125339733996422,1.6468195854766112,-0.03428561207696901
llama8b_instruct,stable,IRI_Empathic_concern × LifeSat_Life_Satisfaction,1.6125339733996422,1.632345747222805,-0.01981177382316268
llama8b_instruct,stable,IRI_Perspective_taking × PANAS_Negative_Affect,1.6125339733996422,1.6104895145366502,0.0020444588629919824
llama8b_instruct,stable,IRI_Perspective_taking × LifeSat_Life_Satisfaction,1.6125339733996422,1.616738510207847,-0.004204536808204873
llama8b_instruct,stable,PANAS_Negative_Affect × LifeSat_Life_Satisfaction,1.6125339733996422,1.556009577016728,0.05652439638291429
llama8b_instruct,ambiguous,BigFive_Openness × PANAS_Positive_Affect,2.1086728257662237,2.221358177794169,-0.11268535202794538
llama8b_instruct,ambiguous,BigFive_Openness × Lonely_Loneliness,2.1086728257662237,2.03046635932473,0.07820646644149365
llama8b_instruct,ambiguous,BigFive_Openness × IRI_Personal_distress,2.1086728257662237,2.0440262619785985,0.06464656378762523
llama8b_instruct,ambiguous,BigFive_Openness × IRI_Fantasy,2.1086728257662237,2.1057521817175058,0.0029206440487179464
llama8b_instruct,ambiguous,PANAS_Positive_Affect × Lonely_Loneliness,2.1086728257662237,2.155212807503549,-0.04653998173732532
llama8b_instruct,ambiguous,PANAS_Positive_Affect × IRI_Personal_distress,2.1086728257662237,2.1748133755824517,-0.06614054981622797
llama8b_instruct,ambiguous,PANAS_Positive_Affect × IRI_Fantasy,2.1086728257662237,2.109407520548565,-0.0007346947823414496
llama8b_instruct,ambiguous,Lonely_Loneliness × IRI_Personal_distress,2.1086728257662237,2.0017026210580964,0.10697020470812735
llama8b_instruct,ambiguous,Lonely_Loneliness × IRI_Fantasy,2.1086728257662237,2.0926912072798616,0.015981618486362148
llama8b_instruct,ambiguous,IRI_Personal_distress × IRI_Fantasy,2.1086728257662237,2.203887216944533,-0.09521439117830921
llama8b_instruct,specific,POM_Peace_of_Mind × SelfConst_Independent_self,2.0391066828323856,-0.0438096204113504,2.082916303243736
llama8b_instruct,specific,POM_Peace_of_Mind × SelfConst_Interdependent_self,2.0391066828323856,1.8895742746286628,0.14953240820372282
llama8b_instruct,specific,SelfConst_Independent_self × SelfConst_Interdependent_self,2.0391066828323856,2.5884820709656875,-0.5493753881333019
llama8b_base,stable,BigFive_Extraversion × BigFive_Agreeableness,1.5763602878499712,1.5994715380898676,-0.023111250239896464
llama8b_base,stable,BigFive_Extraversion × BigFive_Conscientiousness,1.5763602878499712,1.6256022397980647,-0.049241951948093554
llama8b_base,stable,BigFive_Extraversion × BigFive_Neuroticism,1.5763602878499712,1.5712964198100832,0.005063868039888009
llama8b_base,stable,BigFive_Extraversion × IRI_Empathic_concern,1.5763602878499712,1.567519876641455,0.008840411208516086
llama8b_base,stable,BigFive_Extraversion × IRI_Perspective_taking,1.5763602878499712,1.546089994263344,0.03027029358662725
llama8b_base,stable,BigFive_Extraversion × PANAS_Negative_Affect,1.5763602878499712,1.538293704701651,0.03806658314832023
llama8b_base,stable,BigFive_Extraversion × LifeSat_Life_Satisfaction,1.5763602878499712,1.52888071643043,0.04747957141954107
llama8b_base,stable,BigFive_Agreeableness × BigFive_Conscientiousness,1.5763602878499712,1.5758578884893482,0.0005023993606230182
llama8b_base,stable,BigFive_Agreeableness × BigFive_Neuroticism,1.5763602878499712,1.590949157526278,-0.014588869676306793
llama8b_base,stable,BigFive_Agreeableness × IRI_Empathic_concern,1.5763602878499712,1.6236663005524001,-0.04730601270242896
llama8b_base,stable,BigFive_Agreeableness × IRI_Perspective_taking,1.5763602878499712,1.6614107823919797,-0.08505049454200853
llama8b_base,stable,BigFive_Agreeableness × PANAS_Negative_Affect,1.5763602878499712,1.5818261086425736,-0.005465820792602383
llama8b_base,stable,BigFive_Agreeableness × LifeSat_Life_Satisfaction,1.5763602878499712,1.5841843664107906,-0.007824078560819459
llama8b_base,stable,BigFive_Conscientiousness × BigFive_Neuroticism,1.5763602878499712,1.501716455710946,0.07464383213902526
llama8b_base,stable,BigFive_Conscientiousness × IRI_Empathic_concern,1.5763602878499712,1.5927325228382416,-0.01637223498827045
llama8b_base,stable,BigFive_Conscientiousness × IRI_Perspective_taking,1.5763602878499712,1.5696407831203871,0.006719504729584047
llama8b_base,stable,BigFive_Conscientiousness × PANAS_Negative_Affect,1.5763602878499712,1.50688847167962,0.06947181617035114
llama8b_base,stable,BigFive_Conscientiousness × LifeSat_Life_Satisfaction,1.5763602878499712,1.5207720636081337,0.055588224241837514
llama8b_base,stable,BigFive_Neuroticism × IRI_Empathic_concern,1.5763602878499712,1.6019732281634498,-0.025612940313478605
llama8b_base,stable,BigFive_Neuroticism × IRI_Perspective_taking,1.5763602878499712,1.564590550161925,0.011769737688046122
llama8b_base,stable,BigFive_Neuroticism × PANAS_Negative_Affect,1.5763602878499712,1.6075686756612566,-0.031208387811285432
llama8b_base,stable,BigFive_Neuroticism × LifeSat_Life_Satisfaction,1.5763602878499712,1.513343034526785,0.06301725332318608
llama8b_base,stable,IRI_Empathic_concern × IRI_Perspective_taking,1.5763602878499712,1.6792296863452492,-0.10286939849527799
llama8b_base,stable,IRI_Empathic_concern × PANAS_Negative_Affect,1.5763602878499712,1.6127793677136297,-0.036419079863658554
llama8b_base,stable,IRI_Empathic_concern × LifeSat_Life_Satisfaction,1.5763602878499712,1.6022193222895271,-0.02585903443955595
llama8b_base,stable,IRI_Perspective_taking × PANAS_Negative_Affect,1.5763602878499712,1.5744451399448098,0.0019151479051613407
llama8b_base,stable,IRI_Perspective_taking × LifeSat_Life_Satisfaction,1.5763602878499712,1.5803779447360522,-0.0040176568860810224
llama8b_base,stable,PANAS_Negative_Affect × LifeSat_Life_Satisfaction,1.5763602878499712,1.520931418160427,0.05542886968954419
llama8b_base,ambiguous,BigFive_Openness × PANAS_Positive_Affect,1.966441202615035,2.051729899047171,-0.08528869643213577
llama8b_base,ambiguous,BigFive_Openness × Lonely_Loneliness,1.966441202615035,1.8741124566614136,0.0923287459536215
llama8b_base,ambiguous,BigFive_Openness × IRI_Personal_distress,1.966441202615035,1.9016876198521848,0.06475358276285026
llama8b_base,ambiguous,BigFive_Openness × IRI_Fantasy,1.966441202615035,1.9752486900501651,-0.008807487435130046
llama8b_base,ambiguous,PANAS_Positive_Affect × Lonely_Loneliness,1.966441202615035,1.9600949978758961,0.006346204739138939
llama8b_base,ambiguous,PANAS_Positive_Affect × IRI_Personal_distress,1.966441202615035,2.00520519155437,-0.03876398893933475
llama8b_base,ambiguous,PANAS_Positive_Affect × IRI_Fantasy,1.966441202615035,1.9610591560906463,0.005382046524388784
llama8b_base,ambiguous,Lonely_Loneliness × IRI_Personal_distress,1.966441202615035,1.8590105058880904,0.10743069672694472
llama8b_base,ambiguous,Lonely_Loneliness × IRI_Fantasy,1.966441202615035,1.9624966299788995,0.003944572636135568
llama8b_base,ambiguous,IRI_Personal_distress × IRI_Fantasy,1.966441202615035,2.164697427821469,-0.1982562252064337
llama8b_base,specific,POM_Peace_of_Mind × SelfConst_Independent_self,1.8015111390628653,-0.32494887829506575,2.126460017357931
llama8b_base,specific,POM_Peace_of_Mind × SelfConst_Interdependent_self,1.8015111390628653,1.6488527308256855,0.1526584082371798
llama8b_base,specific,SelfConst_Independent_self × SelfConst_Interdependent_self,1.8015111390628653,2.362371311680785,-0.5608601726179199
qwen14b_instruct,stable,BigFive_Extraversion × BigFive_Agreeableness,1.7759284245484621,1.7994545774286212,-0.023526152880159135
qwen14b_instruct,stable,BigFive_Extraversion × BigFive_Conscientiousness,1.7759284245484621,1.822151117141783,-0.0462226925933209
qwen14b_instruct,stable,BigFive_Extraversion × BigFive_Neuroticism,1.7759284245484621,1.7708925504708712,0.005035874077590874
qwen14b_instruct,stable,BigFive_Extraversion × IRI_Empathic_concern,1.7759284245484621,1.7728330777509298,0.003095346797532317
qwen14b_instruct,stable,BigFive_Extraversion × IRI_Perspective_taking,1.7759284245484621,1.7395242492747987,0.036404175273663464
qwen14b_instruct,stable,BigFive_Extraversion × PANAS_Negative_Affect,1.7759284245484621,1.7403362343639783,0.035592190184483785
qwen14b_instruct,stable,BigFive_Extraversion × LifeSat_Life_Satisfaction,1.7759284245484621,1.7307309041319585,0.0451975204165036
qwen14b_instruct,stable,BigFive_Agreeableness × BigFive_Conscientiousness,1.7759284245484621,1.7745021272430364,0.001426297305425761
qwen14b_instruct,stable,BigFive_Agreeableness × BigFive_Neuroticism,1.7759284245484621,1.8014667508266498,-0.02553832627818764
qwen14b_instruct,stable,BigFive_Agreeableness × IRI_Empathic_concern,1.7759284245484621,1.8105675219417128,-0.03463909739325066
qwen14b_instruct,stable,BigFive_Agreeableness × IRI_Perspective_taking,1.7759284245484621,1.8348115752768381,-0.05888315072837602
qwen14b_instruct,stable,BigFive_Agreeableness × PANAS_Negative_Affect,1.7759284245484621,1.7870585789970477,-0.01113015444858556
qwen14b_instruct,stable,BigFive_Agreeableness × LifeSat_Life_Satisfaction,1.7759284245484621,1.7808018535318553,-0.004873428983393158
qwen14b_instruct,stable,BigFive_Conscientiousness × BigFive_Neuroticism,1.7759284245484621,1.705733513150114,0.07019491139834821
qwen14b_instruct,stable,BigFive_Conscientiousness × IRI_Empathic_concern,1.7759284245484621,1.7815509181365825,-0.005622493588120392
qwen14b_instruct,stable,BigFive_Conscientiousness × IRI_Perspective_taking,1.7759284245484621,1.7686548377721958,0.0072735867762663275
qwen14b_instruct,stable,BigFive_Conscientiousness × PANAS_Negative_Affect,1.7759284245484621,1.7090511442098635,0.06687728033859863
qwen14b_instruct,stable,BigFive_Conscientiousness × LifeSat_Life_Satisfaction,1.7759284245484621,1.7254778739104808,0.05045055063798132
qwen14b_instruct,stable,BigFive_Neuroticism × IRI_Empathic_concern,1.7759284245484621,1.8000014597619416,-0.024073035213479477
qwen14b_instruct,stable,BigFive_Neuroticism × IRI_Perspective_taking,1.7759284245484621,1.7551657116211752,0.02076271292728693
qwen14b_instruct,stable,BigFive_Neuroticism × PANAS_Negative_Affect,1.7759284245484621,1.868942898356647,-0.09301447380818484
qwen14b_instruct,stable,BigFive_Neuroticism × LifeSat_Life_Satisfaction,1.7759284245484621,1.7227240942582014,0.053204330290260726
qwen14b_instruct,stable,IRI_Empathic_concern × IRI_Perspective_taking,1.7759284245484621,1.8452304907292594,-0.06930206618079726
qwen14b_instruct,stable,IRI_Empathic_concern × PANAS_Negative_Affect,1.7759284245484621,1.807664776283541,-0.03173635173507883
qwen14b_instruct,stable,IRI_Empathic_concern × LifeSat_Life_Satisfaction,1.7759284245484621,1.7958000989697216,-0.019871674421259478
qwen14b_instruct,stable,IRI_Perspective_taking × PANAS_Negative_Affect,1.7759284245484621,1.7733938145494959,0.002534609998966264
qwen14b_instruct,stable,IRI_Perspective_taking × LifeSat_Life_Satisfaction,1.7759284245484621,1.7805735706654156,-0.004645146116953436
qwen14b_instruct,stable,PANAS_Negative_Affect × LifeSat_Life_Satisfaction,1.7759284245484621,1.738361330443316,0.037567094105146026
qwen14b_instruct,ambiguous,BigFive_Openness × PANAS_Positive_Affect,2.1003694143922718,2.209837194348104,-0.10946777995583234
qwen14b_instruct,ambiguous,BigFive_Openness × Lonely_Loneliness,2.1003694143922718,2.040483176271379,0.05988623812089289
qwen14b_instruct,ambiguous,BigFive_Openness × IRI_Personal_distress,2.1003694143922718,2.0256988834954273,0.0746705308968445
qwen14b_instruct,ambiguous,BigFive_Openness × IRI_Fantasy,2.1003694143922718,2.097331795126642,0.003037619265629843
qwen14b_instruct,ambiguous,PANAS_Positive_Affect × Lonely_Loneliness,2.1003694143922718,2.164406150416374,-0.06403673602410231
qwen14b_instruct,ambiguous,PANAS_Positive_Affect × IRI_Personal_distress,2.1003694143922718,2.1627330085930656,-0.06236359420079385
qwen14b_instruct,ambiguous,PANAS_Positive_Affect × IRI_Fantasy,2.1003694143922718,2.1016880236907247,-0.0013186092984529552
qwen14b_instruct,ambiguous,Lonely_Loneliness × IRI_Personal_distress,2.1003694143922718,1.9999304637231228,0.10043895066914899
qwen14b_instruct,ambiguous,Lonely_Loneliness × IRI_Fantasy,2.1003694143922718,2.0866565171502005,0.013712897242071254
qwen14b_instruct,ambiguous,IRI_Personal_distress × IRI_Fantasy,2.1003694143922718,2.1650785062049493,-0.06470909181267759
qwen14b_instruct,specific,POM_Peace_of_Mind × SelfConst_Independent_self,2.330058677388922,-0.3034399695227706,2.6334986469116926
qwen14b_instruct,specific,POM_Peace_of_Mind × SelfConst_Interdependent_self,2.330058677388922,2.141000003230631,0.18905867415829114
qwen14b_instruct,specific,SelfConst_Independent_self × SelfConst_Interdependent_self,2.330058677388922,3.024651801002462,-0.6945931236135401
qwen14b_base,stable,BigFive_Extraversion × BigFive_Agreeableness,1.6902285534069774,1.720079381171275,-0.029850827764297483
qwen14b_base,stable,BigFive_Extraversion × BigFive_Conscientiousness,1.6902285534069774,1.7345028729860368,-0.04427431957905936
qwen14b_base,stable,BigFive_Extraversion × BigFive_Neuroticism,1.6902285534069774,1.6850411018503133,0.005187451556664113
qwen14b_base,stable,BigFive_Extraversion × IRI_Empathic_concern,1.6902285534069774,1.682753476228515,0.007475077178462408
qwen14b_base,stable,BigFive_Extraversion × IRI_Perspective_taking,1.6902285534069774,1.6553260698739847,0.034902483532992745
qwen14b_base,stable,BigFive_Extraversion × PANAS_Negative_Affect,1.6902285534069774,1.6563854321293605,0.033843121277616905
qwen14b_base,stable,BigFive_Extraversion × LifeSat_Life_Satisfaction,1.6902285534069774,1.6453685767898376,0.04485997661713981
qwen14b_base,stable,BigFive_Agreeableness × BigFive_Conscientiousness,1.6902285534069774,1.6886851379800734,0.00154341542690406
qwen14b_base,stable,BigFive_Agreeableness × BigFive_Neuroticism,1.6902285534069774,1.7095658326150354,-0.019337279208057945
qwen14b_base,stable,BigFive_Agreeableness × IRI_Empathic_concern,1.6902285534069774,1.719076824225317,-0.028848270818339516
qwen14b_base,stable,BigFive_Agreeableness × IRI_Perspective_taking,1.6902285534069774,1.7532703302221355,-0.0630417768151581
qwen14b_base,stable,BigFive_Agreeableness × PANAS_Negative_Affect,1.6902285534069774,1.6988620627756257,-0.008633509368648262
qwen14b_base,stable,BigFive_Agreeableness × LifeSat_Life_Satisfaction,1.6902285534069774,1.6978219495458864,-0.00759339613890897
qwen14b_base,stable,BigFive_Conscientiousness × BigFive_Neuroticism,1.6902285534069774,1.6213770519739936,0.0688515014329838
qwen14b_base,stable,BigFive_Conscientiousness × IRI_Empathic_concern,1.6902285534069774,1.6971221907772742,-0.006893637370296801
qwen14b_base,stable,BigFive_Conscientiousness × IRI_Perspective_taking,1.6902285534069774,1.6825433090624033,0.0076852443445740715
qwen14b_base,stable,BigFive_Conscientiousness × PANAS_Negative_Affect,1.6902285534069774,1.6258316298741593,0.06439692353281812
qwen14b_base,stable,BigFive_Conscientiousness × LifeSat_Life_Satisfaction,1.6902285534069774,1.6407086892359593,0.04951986417101817
qwen14b_base,stable,BigFive_Neuroticism × IRI_Empathic_concern,1.6902285534069774,1.7174631775195164,-0.027234624112538963
qwen14b_base,stable,BigFive_Neuroticism × IRI_Perspective_taking,1.6902285534069774,1.6678721719272054,0.022356381479772036
qwen14b_base,stable,BigFive_Neuroticism × PANAS_Negative_Affect,1.6902285534069774,1.754972556668617,-0.06474400326163954
qwen14b_base,stable,BigFive_Neuroticism × LifeSat_Life_Satisfaction,1.6902285534069774,1.6330982394359228,0.057130313971054614
qwen14b_base,stable,IRI_Empathic_concern × IRI_Perspective_taking,1.6902285534069774,1.7778760296125729,-0.08764747620559543
qwen14b_base,stable,IRI_Empathic_concern × PANAS_Negative_Affect,1.6902285534069774,1.725353852065753,-0.03512529865877556
qwen14b_base,stable,IRI_Empathic_concern × LifeSat_Life_Satisfaction,1.6902285534069774,1.7151793968447966,-0.02495084343781917
qwen14b_base,stable,IRI_Perspective_taking × PANAS_Negative_Affect,1.6902285534069774,1.6876216276504368,0.0026069257565406456
qwen14b_base,stable,IRI_Perspective_taking × LifeSat_Life_Satisfaction,1.6902285534069774,1.6949590657526281,-0.004730512345650695
qwen14b_base,stable,PANAS_Negative_Affect × LifeSat_Life_Satisfaction,1.6902285534069774,1.6495310043035774,0.040697549103400066
qwen14b_base,ambiguous,BigFive_Openness × PANAS_Positive_Affect,2.071629624352876,2.2102113604197102,-0.13858173606683444
qwen14b_base,ambiguous,BigFive_Openness × Lonely_Loneliness,2.071629624352876,1.9928226744757636,0.07880694987711223
qwen14b_base,ambiguous,BigFive_Openness × IRI_Personal_distress,2.071629624352876,1.9866470079804643,0.08498261637241145
qwen14b_base,ambiguous,BigFive_Openness × IRI_Fantasy,2.071629624352876,2.0639235283138135,0.007706096039062249
qwen14b_base,ambiguous,PANAS_Positive_Affect × Lonely_Loneliness,2.071629624352876,2.1524294192644664,-0.08079979491159062
qwen14b_base,ambiguous,PANAS_Positive_Affect × IRI_Personal_distress,2.071629624352876,2.166504082491965,-0.09487445813908923
qwen14b_base,ambiguous,PANAS_Positive_Affect × IRI_Fantasy,2.071629624352876,2.072554999878305,-0.0009253755254290397
qwen14b_base,ambiguous,Lonely_Loneliness × IRI_Personal_distress,2.071629624352876,1.9667776043857876,0.10485201996708815
qwen14b_base,ambiguous,Lonely_Loneliness × IRI_Fantasy,2.071629624352876,2.0531271333904275,0.01850249096244827
qwen14b_base,ambiguous,IRI_Personal_distress × IRI_Fantasy,2.071629624352876,2.108635169470633,-0.03700554511775733
qwen14b_base,specific,POM_Peace_of_Mind × SelfConst_Independent_self,2.285824495133516,0.5820486503100101,1.7037758448235056
qwen14b_base,specific,POM_Peace_of_Mind × SelfConst_Interdependent_self,2.285824495133516,2.1635105525526073,0.12231394258090855
qwen14b_base,specific,SelfConst_Independent_self × SelfConst_Interdependent_self,2.285824495133516,2.7352004564164534,-0.44937596128293755
