model,dirname,level,r,ci_lo,ci_hi,ci_width
0.5B base Q,qwen05b_base_v2,item,0.3424585718622137,0.2996073542093904,0.3462744255154512,0.0466670713060608
0.5B base Q,qwen05b_base_v2,item_within,0.7062210548647051,0.6652889858440026,0.71388341713263,0.0485944312886273
0.5B base Q,qwen05b_base_v2,item_between,0.1310258857828144,0.0864264555956633,0.1560249667594337,0.0695985111637703
0.5B base Q,qwen05b_base_v2,subscale,0.1421443370336209,0.0772224229972895,0.2057436452444552,0.1285212222471656
0.5B base Q,qwen05b_base_v2,scale,0.4666497521492184,0.3694108304259048,0.5368365897050509,0.167425759279146
0.5B inst Q,qwen05b_instruct_v3,item,0.4640470026400578,0.4098679191850194,0.4680589701373682,0.0581910509523487
0.5B inst Q,qwen05b_instruct_v3,item_within,0.8272058590608661,0.7930424373053978,0.8285126915300922,0.0354702542246944
0.5B inst Q,qwen05b_instruct_v3,item_between,0.2639526629967587,0.2020788267683905,0.2823371408566468,0.0802583140882563
0.5B inst Q,qwen05b_instruct_v3,subscale,0.3068894341902537,0.2255421967881664,0.37285397827512,0.1473117814869535
0.5B inst Q,qwen05b_instruct_v3,scale,0.738401570101588,0.6648016074601978,0.7883907006664265,0.1235890932062286
1B base L,llama1b_base_v2,item,0.251366712865956,0.2113865963983661,0.2715920301145479,0.0602054337161818
1B base L,llama1b_base_v2,item_within,0.3100814368564303,0.271264461753986,0.3409042263950204,0.0696397646410344
1B base L,llama1b_base_v2,item_between,0.2246076110982147,0.1678015927019367,0.2558350331160202,0.0880334404140834
1B base L,llama1b_base_v2,subscale,0.3898715249256386,0.3252765077322694,0.4370480726199496,0.1117715648876802
1B base L,llama1b_base_v2,scale,0.6210271020183649,0.5209162446935921,0.741975708830624,0.2210594641370319
1B inst L,llama1b_instruct_v3,item,0.4338749660691748,0.3869168231386035,0.4427647408593519,0.0558479177207484
1B inst L,llama1b_instruct_v3,item_within,0.7992945127782605,0.7710973195079128,0.8124460286486842,0.0413487091407713
1B inst L,llama1b_instruct_v3,item_between,0.2607250144855652,0.2027724063380974,0.2798890940010888,0.0771166876629914
1B inst L,llama1b_instruct_v3,subscale,0.4931224469289505,0.4270931191547497,0.5395389850397717,0.112445865885022
1B inst L,llama1b_instruct_v3,scale,0.5309804362664988,0.4364206548938416,0.6034094016072947,0.1669887467134531
3B base Q,qwen3b_base_v2,item,0.5924712278881815,0.5450985778011564,0.6002535885044715,0.055155010703315
3B base Q,qwen3b_base_v2,item_within,0.998383487685676,0.9972611398172676,0.9984851141145932,0.0012239742973256
3B base Q,qwen3b_base_v2,item_between,0.3375387636910256,0.2688059995695752,0.3618199609246686,0.0930139613550934
3B base Q,qwen3b_base_v2,subscale,0.5692799307238003,0.4935228043257597,0.6252132740239178,0.131690469698158
3B base Q,qwen3b_base_v2,scale,0.6687948124858115,0.5641064958638181,0.7296975344131676,0.1655910385493495
3B inst Q,qwen3b_instruct_v3,item,0.626458706809987,0.5772025594790109,0.630605508448703,0.0534029489696921
3B inst Q,qwen3b_instruct_v3,item_within,0.9916301386163938,0.9880839012785532,0.9930512474766652,0.004967346198112
3B inst Q,qwen3b_instruct_v3,item_between,0.3976558935466745,0.328606011921431,0.4120623812550669,0.0834563693336358
3B inst Q,qwen3b_instruct_v3,subscale,0.5548275537732119,0.4905117518865935,0.6024275601319595,0.1119158082453659
3B inst Q,qwen3b_instruct_v3,scale,0.4411900753226838,0.362105581700564,0.512845522832272,0.150739941131708
3B base L,llama3b_base_v2,item,0.6163789211957195,0.5664210818856426,0.6138551107941709,0.0474340289085283
3B base L,llama3b_base_v2,item_within,0.9979217372708012,0.9963586451815166,0.9979878268426826,0.0016291816611659
3B base L,llama3b_base_v2,item_between,0.4345389628906744,0.3658584342237057,0.4379676172019897,0.0721091829782839
3B base L,llama3b_base_v2,subscale,0.5980564221122053,0.5368914592740178,0.6255175710872571,0.0886261118132393
3B base L,llama3b_base_v2,scale,0.8001368981927252,0.7380109115692537,0.8335315718500634,0.0955206602808097
3B inst L,llama3b_instruct_v3,item,0.5815982030343333,0.5280196971302195,0.5855564624848654,0.0575367653546459
3B inst L,llama3b_instruct_v3,item_within,0.9731613489921512,0.9629876596797964,0.979871771568639,0.0168841118888425
3B inst L,llama3b_instruct_v3,item_between,0.4515442477384647,0.3797665134553059,0.4588897340267718,0.0791232205714659
3B inst L,llama3b_instruct_v3,subscale,0.6420033448393223,0.5822550099414715,0.6735476304160709,0.0912926204745994
3B inst L,llama3b_instruct_v3,scale,0.8457728996545316,0.7788328539466158,0.8825247831686982,0.1036919292220823
7B base Q,qwen7b_base_v2,item,0.6990752722676484,0.6398469779833568,0.7090709051571331,0.0692239271737763
7B base Q,qwen7b_base_v2,item_within,0.99869221639619,0.9976581077294412,0.99876745609578,0.0011093483663388
7B base Q,qwen7b_base_v2,item_between,0.6188489937971529,0.5350733955310718,0.6322344232764673,0.0971610277453954
7B base Q,qwen7b_base_v2,subscale,0.7106876534394734,0.6482390404482671,0.7530450967670047,0.1048060563187376
7B base Q,qwen7b_base_v2,scale,0.8382449206330735,0.7812622344707497,0.8762330796488818,0.094970845178132
7B inst Q,qwen7b_instruct_v3,item,0.7017343422557175,0.6411181753944071,0.7102278841639148,0.0691097087695077
7B inst Q,qwen7b_instruct_v3,item_within,0.9983682134544491,0.9971329236507804,0.9985519054664068,0.0014189818156264
7B inst Q,qwen7b_instruct_v3,item_between,0.6490347713310848,0.5678379664719284,0.6555054085564674,0.087667442084539
7B inst Q,qwen7b_instruct_v3,subscale,0.7766751721888377,0.7224248892234252,0.8147364284470409,0.0923115392236156
7B inst Q,qwen7b_instruct_v3,scale,0.8647430930882093,0.8106328303849764,0.9017467059695944,0.0911138755846181
8B base L,llama8b_base_v2,item,0.6365550163954239,0.5785205277078197,0.6441288103031237,0.065608282595304
8B base L,llama8b_base_v2,item_within,0.9996840235595236,0.9993159012140528,0.9997701329714852,0.0004542317574323
8B base L,llama8b_base_v2,item_between,0.5424383679776841,0.46573420356529,0.549780349715205,0.0840461461499149
8B base L,llama8b_base_v2,subscale,0.714408401937888,0.646641504466526,0.7565793891129068,0.1099378846463807
8B base L,llama8b_base_v2,scale,0.8806376222366038,0.8287888746111975,0.9118983746686712,0.0831095000574735
8B inst L,llama8b_instruct_v3,item,0.6921224479741703,0.6340174467467198,0.6946511052550728,0.060633658508353
8B inst L,llama8b_instruct_v3,item_within,0.9997343492249332,0.9995263664951772,0.9998067549928048,0.0002803884976277
8B inst L,llama8b_instruct_v3,item_between,0.6257449392787339,0.5474002330896949,0.6270783281868522,0.0796780950971572
8B inst L,llama8b_instruct_v3,subscale,0.7783625538249939,0.7266835291908347,0.8046745718699644,0.0779910426791297
8B inst L,llama8b_instruct_v3,scale,0.908335700678381,0.8669560857621027,0.9284507158561642,0.0614946300940615
14B base Q,qwen14b_base_v2,item,0.7017062868480611,0.6376568558382599,0.7150363670720096,0.0773795112337496
14B base Q,qwen14b_base_v2,item_within,0.9994684351089584,0.998991478917886,0.9995845270219628,0.0005930481040766
14B base Q,qwen14b_base_v2,item_between,0.6379007914952406,0.5507098685478472,0.6530145696787618,0.1023047011309146
14B base Q,qwen14b_base_v2,subscale,0.731685899360573,0.6649245396378207,0.7798879557140558,0.114963416076235
14B base Q,qwen14b_base_v2,scale,0.8475798330680171,0.794369933804246,0.8868051034872322,0.0924351696829861
14B inst Q,qwen14b_instruct_v3,item,0.7078171782310904,0.6574922172013099,0.7121161383492939,0.05462392114798398
14B inst Q,qwen14b_instruct_v3,item_within,0.9980734519106728,0.9968504279721461,0.9987308712248669,0.0018804432527208537
14B inst Q,qwen14b_instruct_v3,item_between,0.6544276466938468,0.5848560793626951,0.6563710605204358,0.07151498115774069
14B inst Q,qwen14b_instruct_v3,subscale,0.7935920171318104,0.7431935799549279,0.8261605510981044,0.08296697114317653
14B inst Q,qwen14b_instruct_v3,scale,0.8430227205395835,0.7959405573135959,0.8763597746692978,0.0804192173557019
