items_per_subscale,alpha_target,n_seeds,slope_mean,slope_std,slope_se,slope_min,slope_max,mantel_mean,slope_vs_human_mean,slope_vs_human_std
3,0.6,20,1.4302724212840592,0.03337399777231496,0.007462652769982284,1.384814057948714,1.5046700856450295,0.9854613811162245,1.440279999568396,0.08271161998171231
3,0.75,20,1.3939455607162388,0.022399697817579292,0.005008724699556084,1.3626436408852691,1.4448314516551146,0.9923562126183757,1.4031870161063997,0.07508088118164047
3,0.85,20,1.1963423173153462,0.02531844037174239,0.005661375375549103,1.158794833632456,1.2551542452868283,0.996551767164152,1.2037732421533398,0.07029425685460106
5,0.6,20,1.3431030219182358,0.028115075254693526,0.006286721946201696,1.2945650572716636,1.3857996736203628,0.9920064708466741,1.3514555105647208,0.07535680127323072
5,0.75,20,1.25868624340799,0.013715136896494222,0.0030667978421276628,1.2332073450183338,1.2919500721283819,0.9965041779593762,1.265848155961701,0.06379361226086681
5,0.85,20,1.2311092336388283,0.011007724308172049,0.0024614019830649517,1.2093389949116378,1.2548053861434951,0.998067158348884,1.2380464818883052,0.06247682186179594
7,0.6,20,1.3796630806665697,0.029115228531933608,0.0065103630177844925,1.3121934259506953,1.4200315953031442,0.9922851542637299,1.3897535852794634,0.08308549614666874
7,0.75,20,1.1925324325683229,0.01176215949997515,0.0026300988204139304,1.1718906096978527,1.2115239910364,0.9974213005220156,1.1996345245122066,0.06288920134880537
7,0.85,20,1.171854094102917,0.008261284831523712,0.0018472794464774959,1.1575790674214608,1.1855576590195536,0.9986182392399972,1.1787197267205962,0.060411513897115
