model,hf_id,size_B,family,is_instruct,embedding,n,n_pairs,r_TH,p_TH,r_ST,p_ST,r_SH,p_SH,r_partial,p_partial,drop_TH_to_partial,best_layer
qwen05b_base_v2,Qwen/Qwen2.5-0.5B,0.5,Qwen,False,model_internal,16,120,0.035663584196165776,0.6989717366903156,0.07020259677822256,0.4461064125223287,0.061581477243864834,0.5040283081445535,0.031477663040743786,0.7328808279940912,0.00418592115542199,10
qwen05b_base_v2,Qwen/Qwen2.5-0.5B,0.5,Qwen,False,e5,16,120,0.035663584196165776,0.6989717366903156,0.09441260190659298,0.3050301074849416,0.16532556275549712,0.07114768080112271,0.020425830039274534,0.824753867699254,0.015237754156891242,10
qwen05b_instruct_v3,Qwen/Qwen2.5-0.5B-Instruct,0.5,Qwen,True,model_internal,16,120,0.10022204107894553,0.2760961707622591,-0.014571812207383468,0.8744853339827712,0.062311546532980565,0.49897613010267494,0.10133769653871495,0.2707585405847859,-0.001115655459769424,6
qwen05b_instruct_v3,Qwen/Qwen2.5-0.5B-Instruct,0.5,Qwen,True,e5,16,120,0.10022204107894553,0.2760961707622591,-0.052044823709173745,0.5723881424741254,0.16532556275549712,0.07114768080112271,0.11049457865050985,0.22958796568641418,-0.010272537571564322,6
llama1b_base_v2,meta-llama/Llama-3.2-1B,1.0,Llama,False,model_internal,16,120,0.06636862926376125,0.47139155822023077,-0.056134219897823454,0.5425485004628258,0.09531012364162207,0.3004348319813655,0.07216055288445893,0.433493724888854,-0.005791923620697678,12
llama1b_base_v2,meta-llama/Llama-3.2-1B,1.0,Llama,False,e5,16,120,0.06636862926376125,0.47139155822023077,0.00616492996949352,0.9467192801963135,0.16532556275549712,0.07114768080112271,0.06626248556286742,0.47210250242968016,0.00010614370089383207,12
llama1b_instruct_v3,meta-llama/Llama-3.2-1B-Instruct,1.0,Llama,True,model_internal,16,120,-0.005737018499476318,0.9504126470000872,-0.1203539517902151,0.19040673800976285,0.09054347815499719,0.32536420297221197,0.005219470118789059,0.9548810814315323,-0.010956488618265377,6
llama1b_instruct_v3,meta-llama/Llama-3.2-1B-Instruct,1.0,Llama,True,e5,16,120,-0.005737018499476318,0.9504126470000872,-0.032508601849132145,0.7244785678277992,0.16532556275549712,0.07114768080112271,-0.0003677681514059859,0.9968192177304085,-0.005369250348070332,6
qwen3b_base_v2,Qwen/Qwen2.5-3B,3.0,Qwen,False,model_internal,16,120,0.05171482626103771,0.5748292289441778,-0.09731617050792858,0.29032945272364263,0.10045817127798612,0.27496058458548905,0.062098427261708014,0.5004481931815226,-0.010383601000670303,18
qwen3b_base_v2,Qwen/Qwen2.5-3B,3.0,Qwen,False,e5,16,120,0.05171482626103771,0.5748292289441778,-0.08034906653855245,0.3830017929612747,0.16532556275549712,0.07114768080112271,0.06611928114732933,0.4730626006303992,-0.01440445488629162,18
qwen3b_instruct_v3,Qwen/Qwen2.5-3B-Instruct,3.0,Qwen,True,model_internal,16,120,0.03215144728282737,0.7273857668785055,0.08439852478438557,0.35940523502615257,0.10038372922145423,0.27531824750795353,0.023884642876274287,0.7956803824714577,0.008266804406553085,22
qwen3b_instruct_v3,Qwen/Qwen2.5-3B-Instruct,3.0,Qwen,True,e5,16,120,0.03215144728282737,0.7273857668785055,0.05147002463404593,0.5766432320782032,0.16532556275549712,0.07114768080112271,0.024003830371217366,0.7946832659387902,0.008147616911610006,22
llama3b_base_v2,meta-llama/Llama-3.2-3B,3.0,Llama,False,model_internal,16,120,-0.15085003700357905,0.10005058429599022,0.11798170018432652,0.19935741330235818,0.08629175220758861,0.3486895726088932,-0.16277062078106058,0.07568919716518416,0.011920583777481536,20
llama3b_base_v2,meta-llama/Llama-3.2-3B,3.0,Llama,False,e5,16,120,-0.15085003700357905,0.10005058429599022,0.14912456166095545,0.10403854353133347,0.16532556275549712,0.07114768080112271,-0.17996523703056344,0.049197560506204364,0.029115200026984395,20
llama3b_instruct_v3,meta-llama/Llama-3.2-3B-Instruct,3.0,Llama,True,model_internal,16,120,-0.05250248203936974,0.5690107791711141,0.00313531767635461,0.9728880983968373,0.08508763095353794,0.3554814818697867,-0.05296158484884441,0.5656322272848081,0.00045910280947467075,14
llama3b_instruct_v3,meta-llama/Llama-3.2-3B-Instruct,3.0,Llama,True,e5,16,120,-0.05250248203936974,0.5690107791711141,0.0029640652861360924,0.9743684445037556,0.16532556275549712,0.07114768080112271,-0.053732156254050006,0.5599830462452462,0.0012296742146802667,14
qwen7b_base_v2,Qwen/Qwen2.5-7B,7.0,Qwen,False,model_internal,16,120,0.0074969335304551354,0.9352301473516683,0.24275955591456005,0.0075501829234396875,0.07507307066757785,0.41511391832408623,-0.011089867700264933,0.9043124044276775,0.018586801230720068,14
qwen7b_base_v2,Qwen/Qwen2.5-7B,7.0,Qwen,False,e5,16,120,0.0074969335304551354,0.9352301473516683,0.1597191901122837,0.08141619531381959,0.16532556275549712,0.07114768080112271,-0.019421892966566587,0.833239112633104,0.026918826497021722,14
qwen7b_instruct_v3,Qwen/Qwen2.5-7B-Instruct,7.0,Qwen,True,model_internal,16,120,0.42008869080309263,1.7830617360577207e-06,0.08144989418306185,0.3764962703141061,0.07509384683272013,0.41498446283348067,0.41652841906615423,2.22368602338444e-06,0.003560271736938403,20
qwen7b_instruct_v3,Qwen/Qwen2.5-7B-Instruct,7.0,Qwen,True,e5,16,120,0.42008869080309263,1.7830617360577207e-06,0.14542511465901045,0.11300833491470169,0.16532556275549712,0.07114768080112271,0.405887097717164,4.239069306427601e-06,0.01420159308592861,20
llama8b_base_v2,meta-llama/Llama-3.1-8B,8.0,Llama,False,model_internal,16,120,-0.06065257334790761,0.5104947593255001,0.06214915384705478,0.5000976071179375,0.08758879170986436,0.34146526823147116,-0.06647966256450256,0.4706484879894573,0.005827089216594958,12
llama8b_base_v2,meta-llama/Llama-3.1-8B,8.0,Llama,False,e5,16,120,-0.06065257334790761,0.5104947593255001,0.049083719639824025,0.5944639720519602,0.16532556275549712,0.07114768080112271,-0.0698110206242997,0.4486533779332075,0.00915844727639209,12
llama8b_instruct_v3,meta-llama/Llama-3.1-8B-Instruct,8.0,Llama,True,model_internal,16,120,0.36835056388879894,3.48282534052106e-05,-0.055619843551580526,0.5462593396878797,0.08803016764318192,0.33902859999364093,0.3752823808352893,2.4063176462954305e-05,-0.006931816946490366,18
llama8b_instruct_v3,meta-llama/Llama-3.1-8B-Instruct,8.0,Llama,True,e5,16,120,0.36835056388879894,3.48282534052106e-05,-0.08118136343994464,0.37807695707939964,0.16532556275549712,0.07114768080112271,0.38838067657238956,1.1689155854520192e-05,-0.020030112683590617,18
qwen14b_base_v2,Qwen/Qwen2.5-14B,14.0,Qwen,False,model_internal,16,120,0.13416315605782156,0.14403901769495178,0.11643599300373245,0.20535044811157072,0.06005619928470204,0.5146688001956679,0.12827289784128437,0.16264626065973878,0.005890258216537186,24
qwen14b_base_v2,Qwen/Qwen2.5-14B,14.0,Qwen,False,e5,16,120,0.13416315605782156,0.14403901769495178,0.06784613689991187,0.46155607398415827,0.16532556275549712,0.07114768080112271,0.12494983199600065,0.17390414108781777,0.009213324061820904,24
qwen14b_instruct_v3,Qwen/Qwen2.5-14B-Instruct,14.0,Qwen,True,model_internal,16,120,0.6598967881659273,2.4594988753558606e-16,0.10661477812669105,0.24646079616280162,0.06010128872706001,0.5143526070290123,0.6584253246912419,3.017706737365644e-16,0.0014714634746854083,36
qwen14b_instruct_v3,Qwen/Qwen2.5-14B-Instruct,14.0,Qwen,True,e5,16,120,0.6598967881659273,2.4594988753558606e-16,0.13582543510082662,0.13909129671159678,0.16532556275549712,0.07114768080112271,0.6523813228586839,6.908923113345375e-16,0.007515465307243452,36
