hidden_dim,snr,sigma,seed,recovered_slope,recovered_mantel_r,recovered_slope_vs_human,recovered_mantel_r_vs_human,n_pairs
896,0.1,3.162277660168379,0,1.3763332529791465,0.989874798939864,1.3122597290562852,0.974916890307386,120
896,0.1,3.162277660168379,1,1.3774901846292116,0.9899914479721549,1.40549183761133,0.9709370478133557,120
896,0.1,3.162277660168379,2,1.4166289467436886,0.9875621122940903,1.465387301667949,0.9756466773964504,120
896,0.1,3.162277660168379,3,1.337990149598536,0.9917506276625773,1.367692044881288,0.9760188985430428,120
896,0.1,3.162277660168379,4,1.367379949184954,0.9893355423815944,1.3779396971599425,0.9686381980185151,120
896,0.1,3.162277660168379,5,1.3796954177123426,0.9913874940000658,1.4303872995906395,0.9796257372160321,120
896,0.1,3.162277660168379,6,1.3967226635623295,0.9898489386533489,1.4339933562558824,0.975193132093589,120
896,0.1,3.162277660168379,7,1.3785502384508612,0.9895846798653082,1.4831249289270558,0.9720052587135634,120
896,0.1,3.162277660168379,8,1.3996451718193048,0.9888865821093328,1.4490478661357937,0.9732089932290734,120
896,0.1,3.162277660168379,9,1.3981989249940632,0.9878659284563243,1.3268379901758336,0.968892084286981,120
896,0.1,3.162277660168379,10,1.3918213133429544,0.9899257492461453,1.5426473983490363,0.9550774531003494,120
896,0.1,3.162277660168379,11,1.410740984846961,0.9893594001105744,1.4150550819903693,0.9630101937654677,120
896,0.1,3.162277660168379,12,1.402278383215118,0.9866242487807458,1.3206692767518726,0.9668690579672183,120
896,0.1,3.162277660168379,13,1.3887509449511621,0.9903515424683567,1.400592279399682,0.9728552892867438,120
896,0.1,3.162277660168379,14,1.4007232333764223,0.9871943286770883,1.3439642173846518,0.9711072543432742,120
896,0.1,3.162277660168379,15,1.400984913122587,0.9894952570855302,1.4432448571746541,0.9575987186676465,120
896,0.1,3.162277660168379,16,1.3721296416366633,0.9878908810715049,1.4086809196388828,0.9799933851575077,120
896,0.1,3.162277660168379,17,1.3758486233206528,0.9891123076529925,1.3925275499861791,0.9699500381123585,120
896,0.1,3.162277660168379,18,1.365257296925774,0.9902900165053848,1.2486869467791089,0.9649596581915831,120
896,0.1,3.162277660168379,19,1.4179763778120513,0.986681103288105,1.4101005263912183,0.9691727200829675,120
896,0.3,1.8257418583505538,0,1.2991694912433724,0.9942141632310517,1.2572747276244334,0.9757786873330819,120
896,0.3,1.8257418583505538,1,1.2906761399862536,0.9962440933954568,1.3145847058926818,0.9781947357876404,120
896,0.3,1.8257418583505538,2,1.3015172043706023,0.9960929368564169,1.3017807312118514,0.977437184933315,120
896,0.3,1.8257418583505538,3,1.3603814049693845,0.9948203940547716,1.3343047586049055,0.9695367296516366,120
896,0.3,1.8257418583505538,4,1.3131565570547972,0.9933993835330105,1.314568913107692,0.9745266987750503,120
896,0.3,1.8257418583505538,5,1.3057190780282069,0.996417438992676,1.3184864606352582,0.9703773962855256,120
896,0.3,1.8257418583505538,6,1.2948282630737185,0.9955859749528645,1.3522882599637944,0.9767225385413761,120
896,0.3,1.8257418583505538,7,1.3328068818064154,0.9935668606996858,1.2654502839485542,0.9667709559192658,120
896,0.3,1.8257418583505538,8,1.3453152606300371,0.9948298988200985,1.371174300373056,0.9697418215814576,120
896,0.3,1.8257418583505538,9,1.3078438481455013,0.9951851256059867,1.2930056541562844,0.9663463840182974,120
896,0.3,1.8257418583505538,10,1.3315867533439139,0.9923779986147123,1.3664766732022748,0.9812194504354794,120
896,0.3,1.8257418583505538,11,1.2980037164478255,0.9961201186045281,1.239538441090633,0.9795111775926311,120
896,0.3,1.8257418583505538,12,1.2911642803169392,0.9939183520419266,1.320960168081147,0.9784326830157017,120
896,0.3,1.8257418583505538,13,1.3173670516360263,0.9949299397055611,1.2787284000601744,0.9643684966955058,120
896,0.3,1.8257418583505538,14,1.3221940373290502,0.9950500915609004,1.3291191269980862,0.9717434317221572,120
896,0.3,1.8257418583505538,15,1.3256493753838565,0.9946242224109574,1.2981257536521358,0.9697960477998139,120
896,0.3,1.8257418583505538,16,1.3315527406719738,0.9940385572244342,1.3052921235256671,0.9739211336445163,120
896,0.3,1.8257418583505538,17,1.3071261402058705,0.9944586123454007,1.2696878423345337,0.9690642825889285,120
896,0.3,1.8257418583505538,18,1.3145788737596011,0.9955857201236287,1.337272674824899,0.9702871206135184,120
896,0.3,1.8257418583505538,19,1.3291523105750205,0.9951891389879604,1.3246578587014777,0.9635317607300654,120
896,1.0,1.0,0,1.2267499137561122,0.9971019649392691,1.231196002644186,0.9791178395914201,120
896,1.0,1.0,1,1.1972896507237232,0.9975818821945853,1.2576980075155593,0.9781442376793191,120
896,1.0,1.0,2,1.2246115225668703,0.9965624745815566,1.2490610543324048,0.9837847637037762,120
896,1.0,1.0,3,1.2009637315639639,0.9962938288875196,1.21675885672821,0.9746888075630756,120
896,1.0,1.0,4,1.2173516422600243,0.9974653614290124,1.267175369659694,0.9804550803143974,120
896,1.0,1.0,5,1.21212221857993,0.9967496522412629,1.263828813554069,0.9869130750194639,120
896,1.0,1.0,6,1.2272262007443226,0.9955935228318374,1.163559171057295,0.9785650813661505,120
896,1.0,1.0,7,1.2249549927089218,0.997244248796372,1.1931984684338546,0.9787216318368905,120
896,1.0,1.0,8,1.2135626484546311,0.9965316102218634,1.194525917537752,0.9802953271798286,120
896,1.0,1.0,9,1.2099160326731888,0.9975054874157955,1.27096747545604,0.973066233858017,120
896,1.0,1.0,10,1.2295697712744427,0.9968932508632135,1.1496650275132605,0.9755652156282728,120
896,1.0,1.0,11,1.203429025424923,0.9969997109684579,1.267425731536879,0.9784052634630441,120
896,1.0,1.0,12,1.2086976716673359,0.9968822858258887,1.1360094235929408,0.9811440090320214,120
896,1.0,1.0,13,1.2203207916298535,0.996588432844798,1.241090701909873,0.9758247173411598,120
896,1.0,1.0,14,1.2204871583463728,0.9965034257710828,1.171032533949334,0.9747422971228037,120
896,1.0,1.0,15,1.2156976249853588,0.9961072242891966,1.1691908089795018,0.9733052459990165,120
896,1.0,1.0,16,1.2304537392783201,0.9975875198669935,1.2719189134962177,0.9793919118434442,120
896,1.0,1.0,17,1.1994790403338005,0.9969423135136488,1.236788782788512,0.9811086793192488,120
896,1.0,1.0,18,1.214306546989495,0.996892921157996,1.162349411476779,0.980384071775092,120
896,1.0,1.0,19,1.2179491096129462,0.9972143832325575,1.221502875318121,0.9676453757713361,120
896,3.0,0.5773502691896258,0,1.1571835194002895,0.9971450092205132,1.167724731137236,0.9797373000250219,120
896,3.0,0.5773502691896258,1,1.1565335950853777,0.9978355786513481,1.1980169006512864,0.9740998155053812,120
896,3.0,0.5773502691896258,2,1.1636657397731003,0.9975810530613184,1.1453811734397903,0.9682544840237386,120
896,3.0,0.5773502691896258,3,1.1623747606096815,0.9976232429366099,1.168512723107115,0.9706129952846374,120
896,3.0,0.5773502691896258,4,1.1527886615080156,0.9971653607490114,1.2022928911373207,0.97883958100089,120
896,3.0,0.5773502691896258,5,1.1611405198372091,0.997566524235798,1.1548383604054673,0.9772198024778467,120
896,3.0,0.5773502691896258,6,1.1489824702074218,0.9965131221345294,1.0503160751507885,0.977447778618029,120
896,3.0,0.5773502691896258,7,1.1670191994291197,0.9980873592618764,1.1569265490988425,0.9758425204123463,120
896,3.0,0.5773502691896258,8,1.1508570311512236,0.9977160661866351,1.085588299540842,0.9742023202512099,120
896,3.0,0.5773502691896258,9,1.1544500559020647,0.9977436367175955,1.2366943129503967,0.9682218347026503,120
896,3.0,0.5773502691896258,10,1.1714097763007494,0.9961778090865329,1.1377487786939449,0.9747974353783201,120
896,3.0,0.5773502691896258,11,1.1691846891759934,0.9972034746350094,1.1096373690077517,0.9805333473664748,120
896,3.0,0.5773502691896258,12,1.1688100761119262,0.9978315179908818,1.2223693431355283,0.9747844377180507,120
896,3.0,0.5773502691896258,13,1.1608202028713093,0.9971454934158015,1.1301685038954499,0.9778805784502479,120
896,3.0,0.5773502691896258,14,1.1732593410149255,0.9977507852255191,1.2574879315803287,0.9729929430167448,120
896,3.0,0.5773502691896258,15,1.1645836708280801,0.997188395044921,1.1342773113711524,0.9756488855981803,120
896,3.0,0.5773502691896258,16,1.1454254821132865,0.9969857668104168,1.1514718417263148,0.9688223265002754,120
896,3.0,0.5773502691896258,17,1.1571215133504384,0.9961788834347457,1.1152344882790985,0.9810442271148355,120
896,3.0,0.5773502691896258,18,1.1608597026893486,0.9972990473470723,1.1743912306523892,0.981305204186137,120
896,3.0,0.5773502691896258,19,1.1589716553804672,0.9971388862368807,1.1530583702461488,0.9841705229111567,120
896,10.0,0.31622776601683794,0,1.0948193862461368,0.9976866322767283,1.2013062197204794,0.9797093170047331,120
896,10.0,0.31622776601683794,1,1.0913761654863139,0.9964859754306724,1.049219049679119,0.9659145562076029,120
896,10.0,0.31622776601683794,2,1.1022481640529365,0.9976422448830253,1.098759961808145,0.9780830794550687,120
896,10.0,0.31622776601683794,3,1.1074916993165935,0.9969535623829929,1.108312995799493,0.9827820896802102,120
896,10.0,0.31622776601683794,4,1.11900657338719,0.9972927961528063,1.1434982008599732,0.9813939288519196,120
896,10.0,0.31622776601683794,5,1.1157437660184064,0.9971577180976904,1.0792164657063046,0.9648996480382747,120
896,10.0,0.31622776601683794,6,1.123506430252974,0.9973065951188911,1.0537544788717075,0.9791817055935679,120
896,10.0,0.31622776601683794,7,1.0962432725353095,0.9977770771364732,1.112744184688755,0.9858781400071426,120
896,10.0,0.31622776601683794,8,1.1106646387479961,0.9958487239714685,1.0270915955959916,0.9748822203308508,120
896,10.0,0.31622776601683794,9,1.1138965991479601,0.9969827660196325,1.1219272382393375,0.9630404708797377,120
896,10.0,0.31622776601683794,10,1.103771588847431,0.9968300504095362,1.0907951351669385,0.9778422309156652,120
896,10.0,0.31622776601683794,11,1.1176702098940807,0.9979714302943467,1.168433716252954,0.9713271648923892,120
896,10.0,0.31622776601683794,12,1.1047096937665426,0.9976555552406247,1.1239601484367725,0.9810865366255992,120
896,10.0,0.31622776601683794,13,1.1012259722216993,0.9974114182828465,1.147817612439536,0.9808667717810878,120
896,10.0,0.31622776601683794,14,1.1153727313045134,0.9973083591131028,1.1523780943998911,0.9765293874633539,120
896,10.0,0.31622776601683794,15,1.1156938066658861,0.9972948753428501,1.1189133848788455,0.9792044792584711,120
896,10.0,0.31622776601683794,16,1.1122490844785036,0.9974629695235141,1.1674185013775853,0.9721227724257352,120
896,10.0,0.31622776601683794,17,1.0987459917149602,0.9972980101745189,1.1305592520873449,0.9840925604450949,120
896,10.0,0.31622776601683794,18,1.1102849751508508,0.9982999750895604,1.1407114292974978,0.9800585625898658,120
896,10.0,0.31622776601683794,19,1.095934128107032,0.9966051542953235,1.1171102132158035,0.9799541119544909,120
2048,0.1,3.162277660168379,0,1.488826727750253,0.9880633427175002,1.4521236160020476,0.9773592653542875,120
2048,0.1,3.162277660168379,1,1.482538642260878,0.990367632461656,1.5059075921656209,0.950756934034865,120
2048,0.1,3.162277660168379,2,1.4698082257049752,0.9904667051468145,1.4751353895476398,0.9753148716950347,120
2048,0.1,3.162277660168379,3,1.476349997977407,0.9873082875302681,1.401202911396485,0.9737685851393186,120
2048,0.1,3.162277660168379,4,1.5233325149140555,0.9891284913648395,1.5528749143829494,0.969274748307446,120
2048,0.1,3.162277660168379,5,1.4901071486183397,0.9886296833295048,1.4615749635709419,0.9741751740411988,120
2048,0.1,3.162277660168379,6,1.469070378033538,0.9873870692177978,1.4965799876972923,0.971235262206615,120
2048,0.1,3.162277660168379,7,1.5371370164168563,0.9877098093105063,1.3430342000863542,0.962486812479158,120
2048,0.1,3.162277660168379,8,1.50933164677555,0.9889716910387277,1.4407274771679228,0.9692370352080778,120
2048,0.1,3.162277660168379,9,1.496882796943819,0.9924370205498886,1.4205358838059965,0.9673689990184408,120
2048,0.1,3.162277660168379,10,1.4906532368711298,0.9883284282511983,1.527283473311985,0.9631013141021793,120
2048,0.1,3.162277660168379,11,1.4909695434263983,0.9882146793496189,1.5357716396868482,0.9735325291369278,120
2048,0.1,3.162277660168379,12,1.4905370594727096,0.9883537339488255,1.4825039241355253,0.9696624414306395,120
2048,0.1,3.162277660168379,13,1.433632401728594,0.9899289487412138,1.459646380003321,0.9792781583971993,120
2048,0.1,3.162277660168379,14,1.4712409217433404,0.9902626411188573,1.514442107396097,0.9657681852183484,120
2048,0.1,3.162277660168379,15,1.4666677428157724,0.9894027557142767,1.4749457121154732,0.9715730051651701,120
2048,0.1,3.162277660168379,16,1.4624917932925197,0.9913202043631199,1.4419737479182444,0.9744255044429105,120
2048,0.1,3.162277660168379,17,1.4823002785450745,0.9901212722156879,1.5473715420932512,0.9647584247914347,120
2048,0.1,3.162277660168379,18,1.465784686346487,0.9904425413274,1.4895484592142345,0.9781368179980183,120
2048,0.1,3.162277660168379,19,1.447209849004344,0.9902402914363401,1.4843043401832445,0.9753456208153586,120
2048,0.3,1.8257418583505538,0,1.305555727672716,0.9955589984625597,1.1627882118367356,0.9694187099058069,120
2048,0.3,1.8257418583505538,1,1.3016714172433728,0.9965164153777716,1.3544087681209052,0.9826688733561191,120
2048,0.3,1.8257418583505538,2,1.310638168993812,0.9946677915253089,1.1979876324274616,0.9767886303313593,120
2048,0.3,1.8257418583505538,3,1.2929995473634366,0.9956725218831688,1.3790278164729415,0.9808435742083698,120
2048,0.3,1.8257418583505538,4,1.3192254995717687,0.9966513666309268,1.487657254430443,0.9759187195626244,120
2048,0.3,1.8257418583505538,5,1.302672328508171,0.9964142811473292,1.3253361937664991,0.9852326829464734,120
2048,0.3,1.8257418583505538,6,1.3177321379942633,0.9965115081157774,1.3536057998025064,0.9794095986011211,120
2048,0.3,1.8257418583505538,7,1.2840710213019473,0.9960154642502407,1.2328830176600256,0.978279376090629,120
2048,0.3,1.8257418583505538,8,1.298854583482312,0.9945680492043663,1.1669982805733259,0.9658588482035191,120
2048,0.3,1.8257418583505538,9,1.2961459359803802,0.9961613953798626,1.3238683225645465,0.9789338729296033,120
2048,0.3,1.8257418583505538,10,1.318059340952443,0.9946336237859321,1.2881155761718177,0.9794177716615194,120
2048,0.3,1.8257418583505538,11,1.3006158039130291,0.9970537199917228,1.3634310844834665,0.983496996234263,120
2048,0.3,1.8257418583505538,12,1.3008869066359419,0.9966602332472547,1.2586313995574292,0.9650552894415574,120
2048,0.3,1.8257418583505538,13,1.2760275223367306,0.9965621523452489,1.30423462477369,0.9648873097802626,120
2048,0.3,1.8257418583505538,14,1.2766304958031482,0.9967170153451482,1.1943471972206263,0.9680754071210289,120
2048,0.3,1.8257418583505538,15,1.3080130850331373,0.9956780748760694,1.2891336068978667,0.9751984350439634,120
2048,0.3,1.8257418583505538,16,1.2990504353610373,0.9965837595686908,1.3524424245098121,0.9826852632882328,120
2048,0.3,1.8257418583505538,17,1.3126814519909031,0.9943493130866288,1.253077388942403,0.9758341425592041,120
2048,0.3,1.8257418583505538,18,1.2955845538566644,0.9962634644993229,1.362342080114802,0.9744515164212899,120
2048,0.3,1.8257418583505538,19,1.3037648437039733,0.9963638092973625,1.3340999202193318,0.9772329087935595,120
2048,1.0,1.0,0,1.1569000774239802,0.9978289175754832,1.224000031384823,0.9795271650166801,120
2048,1.0,1.0,1,1.1747999835078344,0.996584239197395,1.1903566471888432,0.9791429692045523,120
2048,1.0,1.0,2,1.1576820922775872,0.9975045427506565,1.19662354135703,0.9811348626071333,120
2048,1.0,1.0,3,1.2003816062924844,0.9966180787121355,1.127261472674885,0.9709796784765883,120
2048,1.0,1.0,4,1.162856733816358,0.9980518196762669,1.2816148895695338,0.9857094519834628,120
2048,1.0,1.0,5,1.1680894164551534,0.9981700664208264,1.2407942445178912,0.9723943572829379,120
2048,1.0,1.0,6,1.1539000797541012,0.9976003676721079,1.219270389745405,0.9838390444717539,120
2048,1.0,1.0,7,1.1510778511652204,0.996594052475325,1.0926482610024066,0.9606042904031328,120
2048,1.0,1.0,8,1.1659446690606943,0.9977676377741566,1.1803027305903084,0.9788941001839939,120
2048,1.0,1.0,9,1.167775982678987,0.9979171577698963,1.1682716634554324,0.9715243279466412,120
2048,1.0,1.0,10,1.169830318671922,0.9979705597960735,1.1613309850267048,0.9807477316877251,120
2048,1.0,1.0,11,1.153644935009384,0.9972958041180674,1.152752958149124,0.9695957630430857,120
2048,1.0,1.0,12,1.1757453553491488,0.9976162400627515,1.2641977125394552,0.9808300141245825,120
2048,1.0,1.0,13,1.1672858568052138,0.9972429508863879,1.1828810403680154,0.9759035732196283,120
2048,1.0,1.0,14,1.154203003252569,0.9972368616872459,1.1676247670913023,0.9761774838589259,120
2048,1.0,1.0,15,1.1613060836692355,0.9973921869887769,1.1233360690804821,0.9738022407011553,120
2048,1.0,1.0,16,1.1718786571747153,0.9971795484809961,1.225456655314888,0.9668279488272719,120
2048,1.0,1.0,17,1.1535287829376664,0.9972887551138452,1.110661617869636,0.9794803165397464,120
2048,1.0,1.0,18,1.1688590145739997,0.9971944135900721,1.170190778355902,0.9769630027446626,120
2048,1.0,1.0,19,1.1558283614471196,0.9975079191281445,1.1695663332555313,0.9825887763458941,120
2048,3.0,0.5773502691896258,0,1.0979821514793948,0.9970449463036569,1.1215643736953504,0.9785946866959366,120
2048,3.0,0.5773502691896258,1,1.0813226929474857,0.9967808599097127,1.0342827811002084,0.9700499006836409,120
2048,3.0,0.5773502691896258,2,1.097629596866245,0.9973582812961728,1.0635015187847048,0.976197808411038,120
2048,3.0,0.5773502691896258,3,1.0968275486305277,0.9971576805021499,1.0668295754356711,0.9694498645756787,120
2048,3.0,0.5773502691896258,4,1.0955534837273109,0.9978968115247515,1.1651241709661346,0.9749251991993068,120
2048,3.0,0.5773502691896258,5,1.1033368721293302,0.9965963718192085,1.0973282458502127,0.9665204304746219,120
2048,3.0,0.5773502691896258,6,1.0983615724805298,0.997740402080381,1.1749026941231184,0.9794179437820981,120
2048,3.0,0.5773502691896258,7,1.1065015280451027,0.9974776303030807,1.147503861843431,0.9771308925286833,120
2048,3.0,0.5773502691896258,8,1.0957763342916946,0.9969182965074915,0.9764539968035362,0.9696728369449719,120
2048,3.0,0.5773502691896258,9,1.1154098290411327,0.9976400612694634,1.1168448256040195,0.982238833457129,120
2048,3.0,0.5773502691896258,10,1.1167130093683095,0.9979008015681711,1.170513708750074,0.9838944545940495,120
2048,3.0,0.5773502691896258,11,1.1082978686040852,0.996866538728409,1.1534807225271202,0.9818880707913107,120
2048,3.0,0.5773502691896258,12,1.100284363324022,0.9970429249152531,1.1210347005838053,0.9768729891719014,120
2048,3.0,0.5773502691896258,13,1.0890920750614315,0.9977098964316595,1.073573227409987,0.9746878645339289,120
2048,3.0,0.5773502691896258,14,1.1049944627702424,0.9971414075895944,1.1060043388486895,0.9773163317222846,120
2048,3.0,0.5773502691896258,15,1.0921916672609355,0.9967073565125397,1.039989218321375,0.9724233932309153,120
2048,3.0,0.5773502691896258,16,1.0987234132147228,0.9968464262577738,1.0791501557192384,0.9771346076522446,120
2048,3.0,0.5773502691896258,17,1.1012136807739263,0.9955384674093425,1.0109942150024303,0.9725161792427734,120
2048,3.0,0.5773502691896258,18,1.08125495444552,0.9970876483263822,1.020159065343633,0.9674025704672091,120
2048,3.0,0.5773502691896258,19,1.1149859550355987,0.9971160027812714,1.138428250595473,0.974060557204277,120
2048,10.0,0.31622776601683794,0,1.0627483633934778,0.9975491767486232,1.0545779674803033,0.9655399609300214,120
2048,10.0,0.31622776601683794,1,1.0671410390049696,0.9971313744677148,1.0787823159408083,0.9741984182949819,120
2048,10.0,0.31622776601683794,2,1.0770065900449937,0.9967620627136007,1.0461340910305628,0.9770205637133024,120
2048,10.0,0.31622776601683794,3,1.0597416012361656,0.9976336358859331,1.0020112550084472,0.9651153215224998,120
2048,10.0,0.31622776601683794,4,1.0801637327688036,0.9976470916577288,1.0425729800260253,0.9822977454847384,120
2048,10.0,0.31622776601683794,5,1.0714188520853527,0.9974635911687384,1.0903440279502405,0.9766239257877194,120
2048,10.0,0.31622776601683794,6,1.070595038039923,0.9968492437862471,1.1100065727099053,0.9785842540493835,120
2048,10.0,0.31622776601683794,7,1.0788600833062398,0.9980395265824806,1.0923070492503364,0.9739977508763461,120
2048,10.0,0.31622776601683794,8,1.069571698830877,0.9970628872005938,1.087173135993854,0.9644041385700949,120
2048,10.0,0.31622776601683794,9,1.0677679158199216,0.996558586872476,1.0414430973277582,0.9768265641882882,120
2048,10.0,0.31622776601683794,10,1.0529326221823467,0.9977499803007158,1.0981202385270425,0.9759313586551751,120
2048,10.0,0.31622776601683794,11,1.0514763828780866,0.9981338637279678,1.1572406927001977,0.9777074384875986,120
2048,10.0,0.31622776601683794,12,1.0759812485208813,0.9981140386529898,1.165476322680933,0.9888980719535754,120
2048,10.0,0.31622776601683794,13,1.081074470408309,0.9962789721473124,1.0679585021831752,0.9763722681422501,120
2048,10.0,0.31622776601683794,14,1.0776780949086462,0.9971423479399902,1.1030216949017286,0.9795055554609189,120
2048,10.0,0.31622776601683794,15,1.0557145961141567,0.996738311996865,0.98241707597744,0.9823293447196211,120
2048,10.0,0.31622776601683794,16,1.0689775512778068,0.9972284158170869,1.0241722686829644,0.9727334222966615,120
2048,10.0,0.31622776601683794,17,1.0723984123239472,0.9976122237219566,1.0614080461832525,0.9752156178906243,120
2048,10.0,0.31622776601683794,18,1.0876945662045712,0.9976675677939597,1.082216545398644,0.9694793641445392,120
2048,10.0,0.31622776601683794,19,1.0746585345868294,0.9971489834767805,1.0900998495799334,0.9745265951650309,120
4096,0.1,3.162277660168379,0,1.5825272951009297,0.9871260194467613,1.5371459071538813,0.9800850706395365,120
4096,0.1,3.162277660168379,1,1.5406500082753571,0.9898022378609272,1.6158805503450888,0.9744183985550366,120
4096,0.1,3.162277660168379,2,1.5334005749212631,0.9866254026552196,1.407311509046698,0.9659632152972398,120
4096,0.1,3.162277660168379,3,1.5195356328229874,0.990250461185998,1.613537533851915,0.9782250221605201,120
4096,0.1,3.162277660168379,4,1.55927322046108,0.9866368974597389,1.5392905643367416,0.9671148787748063,120
4096,0.1,3.162277660168379,5,1.5315743599813807,0.9878667825639492,1.4406035589570971,0.9628134756910836,120
4096,0.1,3.162277660168379,6,1.5204148838575253,0.9903003006987131,1.5191220608242506,0.9824091618037599,120
4096,0.1,3.162277660168379,7,1.5751380213397412,0.9840713419787884,1.5765667620547519,0.96481752856703,120
4096,0.1,3.162277660168379,8,1.5475625510706417,0.9882913426840759,1.4430731517274842,0.9633388907083266,120
4096,0.1,3.162277660168379,9,1.5512768802081855,0.9871279135352072,1.6785675119316332,0.9642531688549776,120
4096,0.1,3.162277660168379,10,1.5023647280992738,0.9907956292321537,1.5887474337491245,0.9774141409989405,120
4096,0.1,3.162277660168379,11,1.5337846353710585,0.9893033035235799,1.459223813650669,0.9719380072352273,120
4096,0.1,3.162277660168379,12,1.5395729126255913,0.9909429709167656,1.4689456061592447,0.9750879883079849,120
4096,0.1,3.162277660168379,13,1.521443591425741,0.9913791930992748,1.5279474367936843,0.9783881100638373,120
4096,0.1,3.162277660168379,14,1.5267096084946743,0.9901071620651684,1.5789792166722256,0.9588394202212754,120
4096,0.1,3.162277660168379,15,1.5295319250687236,0.987740571550836,1.5443402475676349,0.981644755418096,120
4096,0.1,3.162277660168379,16,1.551994880993912,0.9891500085009652,1.499471831158686,0.9512974311415215,120
4096,0.1,3.162277660168379,17,1.5054936584849867,0.9884196271148616,1.4859700274361474,0.9720798237781866,120
4096,0.1,3.162277660168379,18,1.5469897855335797,0.9900332953029226,1.476067677490242,0.9716218105728559,120
4096,0.1,3.162277660168379,19,1.5295626125099016,0.9882068347968499,1.50878498237555,0.9704147594268318,120
4096,0.3,1.8257418583505538,0,1.314035677644107,0.9970560715384894,1.423359069265259,0.9732253956198017,120
4096,0.3,1.8257418583505538,1,1.3040344433806044,0.9958615894050868,1.3494983143582122,0.9605199268268116,120
4096,0.3,1.8257418583505538,2,1.3311845627499481,0.9951930015967198,1.2195439903905538,0.9588592493581699,120
4096,0.3,1.8257418583505538,3,1.32728709254981,0.9956246386633149,1.3892260959971725,0.9712555514658159,120
4096,0.3,1.8257418583505538,4,1.3260399388954294,0.9965773726783347,1.2979631319256786,0.9790167168984598,120
4096,0.3,1.8257418583505538,5,1.313077414945638,0.996673385165967,1.332432340525443,0.9810982406006168,120
4096,0.3,1.8257418583505538,6,1.3104277446742758,0.9966487859880485,1.2727643167277432,0.97509092619375,120
4096,0.3,1.8257418583505538,7,1.3249368989082269,0.9955515138558013,1.3581154054293476,0.9789504680649572,120
4096,0.3,1.8257418583505538,8,1.305607692701522,0.9955846472376716,1.1981238679873825,0.9750603768852862,120
4096,0.3,1.8257418583505538,9,1.299386861625744,0.9960840870070452,1.1866750868654599,0.9690301231024323,120
4096,0.3,1.8257418583505538,10,1.2982303753331943,0.9969077084915638,1.301286180208649,0.9791685435586743,120
4096,0.3,1.8257418583505538,11,1.3135518765156788,0.9963276449680373,1.3246454666162182,0.9763357012853434,120
4096,0.3,1.8257418583505538,12,1.313414336904097,0.996842914488344,1.2824998587858087,0.9773282433861938,120
4096,0.3,1.8257418583505538,13,1.297633616529159,0.9965701608740528,1.264473348380854,0.9813843759432268,120
4096,0.3,1.8257418583505538,14,1.3020296447790873,0.9960596367574095,1.2397783631306047,0.9607908589359113,120
4096,0.3,1.8257418583505538,15,1.2882298590751595,0.9976163716826789,1.2102731382163134,0.9751908482617732,120
4096,0.3,1.8257418583505538,16,1.3185810087779295,0.9954199483230283,1.2458375726230764,0.9632635833555213,120
4096,0.3,1.8257418583505538,17,1.289200164386362,0.9964172675798477,1.2106204377861223,0.9702021707402644,120
4096,0.3,1.8257418583505538,18,1.306651661020438,0.9962888037039161,1.280907636965938,0.980212178264139,120
4096,0.3,1.8257418583505538,19,1.3130177739425515,0.9959135186070192,1.2027846715012056,0.9769263784192503,120
4096,1.0,1.0,0,1.131388636822991,0.9972891721849041,1.1421092799786903,0.977049995893032,120
4096,1.0,1.0,1,1.1499760393717453,0.9967511736101914,1.1363377402449333,0.9767836019490299,120
4096,1.0,1.0,2,1.1624952552008894,0.9982823557373427,1.2100041419821375,0.9788409731315941,120
4096,1.0,1.0,3,1.139128021966355,0.9976654178842774,1.1762226570046272,0.9799127779104544,120
4096,1.0,1.0,4,1.1488065491977353,0.9972951096972513,1.0985675370041668,0.9761225319109629,120
4096,1.0,1.0,5,1.1325957813359468,0.997679065499605,1.1407372568547824,0.9772706453103084,120
4096,1.0,1.0,6,1.1292073084296634,0.997354079734521,1.1079757325596284,0.9795372237226655,120
4096,1.0,1.0,7,1.131743605816782,0.9970088697103898,1.2007113839356351,0.9803128764433606,120
4096,1.0,1.0,8,1.1499476959486448,0.997322208730109,1.1849695900444115,0.9838012186612245,120
4096,1.0,1.0,9,1.1477075936999641,0.9974994978741921,1.1057261859384038,0.9817525981973347,120
4096,1.0,1.0,10,1.1581924005024267,0.9972711634244815,1.0994076875131436,0.9775327136679137,120
4096,1.0,1.0,11,1.1641430633940273,0.9973836527576252,1.1312402894983697,0.9773909134869228,120
4096,1.0,1.0,12,1.141077623284253,0.9972247558342521,1.202955820587636,0.9806803856575016,120
4096,1.0,1.0,13,1.1363774180452633,0.9982116789873358,1.2474372676299634,0.9805181669371223,120
4096,1.0,1.0,14,1.1465475192420929,0.997652945449833,1.1369148002990102,0.9667753250404995,120
4096,1.0,1.0,15,1.1398828345271461,0.9979410026072161,1.1410720611187966,0.9706317868608088,120
4096,1.0,1.0,16,1.1323459346866993,0.9974400906389522,1.1780121717558292,0.9872122741322271,120
4096,1.0,1.0,17,1.1483557683559686,0.9974172486530712,1.260201470778804,0.9779553632033802,120
4096,1.0,1.0,18,1.1438390694277645,0.9966430188624502,1.0383900224335025,0.9696848937868893,120
4096,1.0,1.0,19,1.1349965638198523,0.9977526125435462,1.1492497458497892,0.9731514642697434,120
4096,3.0,0.5773502691896258,0,1.0740427165569004,0.9968082564206701,1.0701453456939627,0.9748067865165017,120
4096,3.0,0.5773502691896258,1,1.0780826438176454,0.9974326227883145,1.0963489824145631,0.9714727025317247,120
4096,3.0,0.5773502691896258,2,1.066311522348176,0.9972608360959825,1.0667574519656486,0.9768889589155707,120
4096,3.0,0.5773502691896258,3,1.068847699766832,0.9973963987191145,1.089562790924422,0.9759522663010308,120
4096,3.0,0.5773502691896258,4,1.0764463722596125,0.9967011450379792,1.085176994321261,0.9778459506661544,120
4096,3.0,0.5773502691896258,5,1.0763720765612164,0.996654602280194,1.0972668487502684,0.979231057220619,120
4096,3.0,0.5773502691896258,6,1.0761982161390748,0.9974074744278644,1.1038740972678476,0.9689801114857275,120
4096,3.0,0.5773502691896258,7,1.086790080595749,0.9969821452297175,1.0988165991724612,0.9759509354041411,120
4096,3.0,0.5773502691896258,8,1.065974839218811,0.9976364381170506,1.0735987422198872,0.9811410907961778,120
4096,3.0,0.5773502691896258,9,1.0809771048551464,0.9968283415517304,1.119586846184277,0.9784193679471535,120
4096,3.0,0.5773502691896258,10,1.0787276179209113,0.9969246458854738,1.1438358885535165,0.9815852653559636,120
4096,3.0,0.5773502691896258,11,1.0851116109103471,0.9969908093768588,1.0946171768386164,0.9749678039252804,120
4096,3.0,0.5773502691896258,12,1.073079579516038,0.9975865126390193,1.1147394115170028,0.9808954971313643,120
4096,3.0,0.5773502691896258,13,1.077908598654057,0.9975590920116897,1.0706093260376892,0.9752947449307372,120
4096,3.0,0.5773502691896258,14,1.0845478043084933,0.9970223150282743,1.1132593469209358,0.9783605585930384,120
4096,3.0,0.5773502691896258,15,1.0530557039637112,0.996939566896409,1.0195361281049395,0.964155096112275,120
4096,3.0,0.5773502691896258,16,1.0763791371610225,0.9973585535776068,1.0632636700260003,0.9698626787671767,120
4096,3.0,0.5773502691896258,17,1.0779015369902583,0.9978674124954854,1.0770748286377287,0.9767228132534065,120
4096,3.0,0.5773502691896258,18,1.073607755514693,0.996046272312547,1.1327306298153799,0.9776528622609226,120
4096,3.0,0.5773502691896258,19,1.0819631613654952,0.997980430167042,1.119120269370772,0.9834440013866431,120
4096,10.0,0.31622776601683794,0,1.0322248493407011,0.9973682814003951,1.0619991806138591,0.9732067694926383,120
4096,10.0,0.31622776601683794,1,1.0161679229169203,0.9970743916616509,0.944227581754862,0.971104990715234,120
4096,10.0,0.31622776601683794,2,1.0403604293740618,0.9978444772652318,1.0937145491066624,0.9772100128718516,120
4096,10.0,0.31622776601683794,3,1.0568920277068634,0.9969991903755303,1.034072770477179,0.9646082901834174,120
4096,10.0,0.31622776601683794,4,1.034129765514524,0.995858131409991,0.9755335315160225,0.9769899787398535,120
4096,10.0,0.31622776601683794,5,1.0218878690393058,0.9966441955735992,0.9740250377784377,0.9718275562389751,120
4096,10.0,0.31622776601683794,6,1.058753236752285,0.9968889401246139,1.082406033088085,0.9774055994750033,120
4096,10.0,0.31622776601683794,7,1.0525535356782465,0.9970722087863415,1.0595929447227184,0.983576621372492,120
4096,10.0,0.31622776601683794,8,1.0485859150975823,0.9978321514424359,1.0746811162621832,0.9733638847304569,120
4096,10.0,0.31622776601683794,9,1.0469478385028608,0.9969140630238724,0.9933651825160947,0.9829414623845538,120
4096,10.0,0.31622776601683794,10,1.0415748773595808,0.9971170939450559,0.9908878658046321,0.9735494599850651,120
4096,10.0,0.31622776601683794,11,1.0270254269363417,0.9968342285538077,1.0305666482241025,0.9726256420075843,120
4096,10.0,0.31622776601683794,12,1.0409902187819235,0.9968729446687629,1.0496831053834679,0.9752753729023779,120
4096,10.0,0.31622776601683794,13,1.0524903632506306,0.9969621604362952,1.0095276755441698,0.9615263869668058,120
4096,10.0,0.31622776601683794,14,1.051684369203151,0.9974605279765347,1.2044786046846085,0.9684306794393251,120
4096,10.0,0.31622776601683794,15,1.0517740147219083,0.9967453649391771,1.0280655341601896,0.9711640405463742,120
4096,10.0,0.31622776601683794,16,1.0473679055815681,0.9965461998275791,1.04977437144054,0.9787871266479059,120
4096,10.0,0.31622776601683794,17,1.0401723614189022,0.9962948787332441,0.9616778062886459,0.9678906596660058,120
4096,10.0,0.31622776601683794,18,1.0342787482380107,0.9971950680495615,1.0742346041629776,0.9814798709394912,120
4096,10.0,0.31622776601683794,19,1.0320383832651552,0.9967821226185943,1.0984299495372944,0.9805444058762328,120
5120,0.1,3.162277660168379,0,1.5482598758759756,0.9878006664946386,1.5589341773114695,0.9804098948563621,120
5120,0.1,3.162277660168379,1,1.526770705008699,0.9894050031958811,1.5232214991125799,0.9719287416423594,120
5120,0.1,3.162277660168379,2,1.5402866359058482,0.9890915799508286,1.5188291952529422,0.9646649092675734,120
5120,0.1,3.162277660168379,3,1.5516533704085478,0.9883738451423274,1.5724812741288543,0.9710633293509306,120
5120,0.1,3.162277660168379,4,1.577868209580655,0.9892742692416285,1.7390507911486648,0.9621624696674822,120
5120,0.1,3.162277660168379,5,1.560062701586923,0.9854392283798206,1.4468522870468203,0.969607612505801,120
5120,0.1,3.162277660168379,6,1.624884804432108,0.988032103479766,1.5918102822706373,0.9514155244520889,120
5120,0.1,3.162277660168379,7,1.5801273185166418,0.9888388025788359,1.5579335243721362,0.9727518290616838,120
5120,0.1,3.162277660168379,8,1.5555350705959017,0.9886020740011978,1.5574195821379222,0.968349645528574,120
5120,0.1,3.162277660168379,9,1.578599396453431,0.9884972583103193,1.4964615694891863,0.9760925394212523,120
5120,0.1,3.162277660168379,10,1.543527230012442,0.9903101982839018,1.5635860534837454,0.9703649452712015,120
5120,0.1,3.162277660168379,11,1.5576435962839552,0.9902914804033416,1.4825270014886034,0.9757419588904969,120
5120,0.1,3.162277660168379,12,1.5830670063870071,0.9881986742376929,1.7538884158654087,0.9590106055603956,120
5120,0.1,3.162277660168379,13,1.5405967888951344,0.989518106079298,1.45569642870712,0.9717702913348648,120
5120,0.1,3.162277660168379,14,1.5366818678639942,0.9904229346354444,1.4741200373115457,0.9614990542094238,120
5120,0.1,3.162277660168379,15,1.5800010283273211,0.9891413449600475,1.6076461876858512,0.9696106212072636,120
5120,0.1,3.162277660168379,16,1.5481357080967133,0.9860824700995348,1.5634311251147683,0.972392462450523,120
5120,0.1,3.162277660168379,17,1.5320884225438915,0.9904843936878399,1.5515287894887648,0.9743116463422121,120
5120,0.1,3.162277660168379,18,1.5678380757229862,0.9875935281720523,1.633989891922627,0.9738917661739265,120
5120,0.1,3.162277660168379,19,1.5599782629521015,0.9891004648157011,1.6278219274769465,0.9749295055290198,120
5120,0.3,1.8257418583505538,0,1.3052674176568249,0.9965808737775977,1.361958478285594,0.9794347199332845,120
5120,0.3,1.8257418583505538,1,1.3184388202477781,0.9968256503656782,1.342920927151773,0.9745311540933509,120
5120,0.3,1.8257418583505538,2,1.3142225152684535,0.9961982520812166,1.3111659748510982,0.9735117543039129,120
5120,0.3,1.8257418583505538,3,1.3286359058127466,0.9959582978427902,1.2511199295077475,0.9778523694311644,120
5120,0.3,1.8257418583505538,4,1.3085138083846315,0.9964035378660312,1.3678038389887748,0.9775641961121176,120
5120,0.3,1.8257418583505538,5,1.304583316633484,0.9967486323741318,1.420285211074232,0.9747317195534083,120
5120,0.3,1.8257418583505538,6,1.2977161462928386,0.9970888640391633,1.4044683753025724,0.9718368744135687,120
5120,0.3,1.8257418583505538,7,1.3178042898220503,0.9963080657151002,1.3180603817832046,0.9838650768093455,120
5120,0.3,1.8257418583505538,8,1.3098690534375492,0.9965053840117932,1.3461141709886655,0.9788777181752452,120
5120,0.3,1.8257418583505538,9,1.3021162457085873,0.9963701439449746,1.2930803939704436,0.9785925655702542,120
5120,0.3,1.8257418583505538,10,1.2862656961524221,0.996249242135695,1.2593532587470586,0.9742361387246681,120
5120,0.3,1.8257418583505538,11,1.3019928076471494,0.996734909222237,1.2549796908568702,0.9821516415784669,120
5120,0.3,1.8257418583505538,12,1.3216588137431942,0.9957950194884749,1.263592171718266,0.9756497928621609,120
5120,0.3,1.8257418583505538,13,1.3069364498610108,0.9968024323888183,1.3248358525677977,0.9797155623389514,120
5120,0.3,1.8257418583505538,14,1.3062026072252402,0.9970075845463626,1.401822506554484,0.9784766117426823,120
5120,0.3,1.8257418583505538,15,1.2932498929115555,0.9954366735488164,1.301462772824469,0.9820041194425333,120
5120,0.3,1.8257418583505538,16,1.3030429629890512,0.9962010672687148,1.258855401453237,0.9747631815435456,120
5120,0.3,1.8257418583505538,17,1.3165882526074892,0.9962791873745899,1.256395575367136,0.9719933202643484,120
5120,0.3,1.8257418583505538,18,1.3260726469005297,0.9967278331632942,1.3445906126985052,0.9815626891404681,120
5120,0.3,1.8257418583505538,19,1.3137514445382275,0.9967347130243072,1.2919114692648053,0.9742509606850922,120
5120,1.0,1.0,0,1.1387012342233584,0.9975377605508406,1.1157270353676731,0.9749901607667202,120
5120,1.0,1.0,1,1.1434091187204296,0.9965233249659813,1.0986148450761997,0.974554138480481,120
5120,1.0,1.0,2,1.1322321670000666,0.9970624135485402,1.1600961185383187,0.9771414893358044,120
5120,1.0,1.0,3,1.1574569930106942,0.9970869039592919,1.113857762545557,0.9786032114270916,120
5120,1.0,1.0,4,1.1493673756203326,0.9978959602293593,1.2447684534070174,0.978233282940225,120
5120,1.0,1.0,5,1.138214512444177,0.9975650153540825,1.2072327936094975,0.974041885185226,120
5120,1.0,1.0,6,1.136037478386984,0.9975672019675746,1.1452454827849956,0.9793677184937221,120
5120,1.0,1.0,7,1.133374566179787,0.9972354238019274,1.1268201688264057,0.9844048690427225,120
5120,1.0,1.0,8,1.1375918023199276,0.9977312353496245,1.152180587997535,0.9787887064726178,120
5120,1.0,1.0,9,1.138714130979501,0.9961573574209734,1.0213628013018712,0.9642354637292087,120
5120,1.0,1.0,10,1.1323190708580297,0.9968830540712081,1.0856889441663602,0.9726068464465272,120
5120,1.0,1.0,11,1.11820946636698,0.9968747093100477,1.0769585794362482,0.9798355504500157,120
5120,1.0,1.0,12,1.1378737741912397,0.9974516336517854,1.1486302109148494,0.9747976144613815,120
5120,1.0,1.0,13,1.1533776185517548,0.9969696276647037,1.1529052167379112,0.9817715867721355,120
5120,1.0,1.0,14,1.1592495633052495,0.9969902616599391,1.0570436529975158,0.9615625314365921,120
5120,1.0,1.0,15,1.155476363027866,0.9976478856388143,1.1844658535401709,0.9793846616758577,120
5120,1.0,1.0,16,1.1401825879711038,0.997062719566742,1.0335001651274724,0.9654439327716318,120
5120,1.0,1.0,17,1.1392911617868682,0.9977222406033547,1.225410040785363,0.9771834926723827,120
5120,1.0,1.0,18,1.1524348260482324,0.99565006413,1.0309337260685119,0.9677696070115911,120
5120,1.0,1.0,19,1.1453859791214949,0.9978444636968677,1.083141621028698,0.9631966627926607,120
5120,3.0,0.5773502691896258,0,1.0781704269882262,0.9973030698189747,1.085816937364418,0.9723246384968797,120
5120,3.0,0.5773502691896258,1,1.0849559944540597,0.997130049212482,1.1433216412722451,0.978365928753211,120
5120,3.0,0.5773502691896258,2,1.0660464543477328,0.9981570070770229,1.1598455405987382,0.9707546793922301,120
5120,3.0,0.5773502691896258,3,1.056851601753382,0.9960793315690704,0.9812020352992873,0.966690508928606,120
5120,3.0,0.5773502691896258,4,1.0690261854843326,0.9971654212210488,1.0080184269137369,0.9645658025094691,120
5120,3.0,0.5773502691896258,5,1.0572070917953107,0.9972117367942503,1.0963651170378657,0.982611022406241,120
5120,3.0,0.5773502691896258,6,1.068404577030481,0.9978468058959734,1.0966006016692476,0.9693135084806825,120
5120,3.0,0.5773502691896258,7,1.0665215659639782,0.9969496847517201,1.08813077872741,0.9775501414769047,120
5120,3.0,0.5773502691896258,8,1.0730629797248448,0.9967467513393948,1.0833099836777784,0.9803454268676521,120
5120,3.0,0.5773502691896258,9,1.0714222374401965,0.9964741640348441,1.0487635848396708,0.9741089821507085,120
5120,3.0,0.5773502691896258,10,1.0718262473440743,0.9973943708355949,1.0204979107426224,0.9684100070988382,120
5120,3.0,0.5773502691896258,11,1.0742110446667776,0.9972003725288324,1.148546146113148,0.9740426880116542,120
5120,3.0,0.5773502691896258,12,1.0682742951193744,0.9973354148187884,1.0375240614839267,0.9825506130962715,120
5120,3.0,0.5773502691896258,13,1.0619813153467506,0.9965142874318179,1.036196808320522,0.9662006837834923,120
5120,3.0,0.5773502691896258,14,1.0647795175689145,0.9957677432938872,1.0157518796502107,0.9782773678827585,120
5120,3.0,0.5773502691896258,15,1.0689082918247488,0.9969504399129782,1.1050335663459114,0.9803191719510733,120
5120,3.0,0.5773502691896258,16,1.0734998542593353,0.9971163143687808,1.0207575381960723,0.9654421696158897,120
5120,3.0,0.5773502691896258,17,1.0655472726420385,0.9981679740068337,1.1753489260835408,0.9682583681378814,120
5120,3.0,0.5773502691896258,18,1.0678398155094067,0.9972986346608523,1.0925933292964114,0.9749796802286562,120
5120,3.0,0.5773502691896258,19,1.0768844656686642,0.9976983366106533,1.0917324168229219,0.9706097078049312,120
5120,10.0,0.31622776601683794,0,1.030356957525032,0.9974438200884995,1.0356517678746269,0.9783763426380124,120
5120,10.0,0.31622776601683794,1,1.020590304007347,0.9965104507324282,1.0171963197034626,0.9717708872352392,120
5120,10.0,0.31622776601683794,2,1.0324336866390413,0.9970404308842342,1.0997232620049988,0.9770596887979128,120
5120,10.0,0.31622776601683794,3,1.037011978187319,0.9969440752208307,1.0060924095075674,0.9669597107994414,120
5120,10.0,0.31622776601683794,4,1.033599405571846,0.9965432625596323,1.132817841633225,0.9765157598604861,120
5120,10.0,0.31622776601683794,5,1.0328815222721286,0.9967252350568451,0.9694903025963777,0.9576222146122343,120
5120,10.0,0.31622776601683794,6,1.0382679858034995,0.9975837468107205,1.0552647974131193,0.9768414069938169,120
5120,10.0,0.31622776601683794,7,1.050225144523391,0.996435701382303,1.0321471899430983,0.9759174619928753,120
5120,10.0,0.31622776601683794,8,1.0483618581121015,0.996849897256835,1.095416702891457,0.976914070329265,120
5120,10.0,0.31622776601683794,9,1.0434978043480458,0.9972747271678256,1.118834699531905,0.9798265220424147,120
5120,10.0,0.31622776601683794,10,1.027918792584687,0.9972750425583599,1.0656185183711684,0.9758231507658074,120
5120,10.0,0.31622776601683794,11,1.017596585088946,0.9975829182102747,0.998774726873794,0.9742262925768097,120
5120,10.0,0.31622776601683794,12,1.03743552504506,0.9962287038427927,1.0337579289605041,0.9693117532015241,120
5120,10.0,0.31622776601683794,13,1.041089880162785,0.997007423874902,1.088367572324562,0.9793749066494176,120
5120,10.0,0.31622776601683794,14,1.033878152022193,0.9965283728119733,1.0280684463467393,0.9728893661961617,120
5120,10.0,0.31622776601683794,15,1.0361703315324593,0.9965050730674188,0.9947336769100183,0.9709099193352324,120
5120,10.0,0.31622776601683794,16,1.0182211006049926,0.9974089532549915,1.036296706163564,0.9816786999732883,120
5120,10.0,0.31622776601683794,17,1.0316927072459567,0.996860528463138,1.0694745381157393,0.9762323323313714,120
5120,10.0,0.31622776601683794,18,1.017639267326407,0.9972556122928388,0.9883793423773557,0.9708558407283374,120
5120,10.0,0.31622776601683794,19,1.0325930973910469,0.9971749474807682,1.0256641080457822,0.9682969078289796,120
